Category,Skill_Count,Experience,Education_Count,Certification_Count,Resume_Length
ACCOUNTANT,1,0,2,0,24159
ACCOUNTANT,3,0,1,0,7493
ACCOUNTANT,3,0,1,0,4749
ACCOUNTANT,1,0,2,0,5922
ACCOUNTANT,2,0,3,0,5574
ACCOUNTANT,3,0,2,0,5228
ACCOUNTANT,1,0,2,0,5850
ACCOUNTANT,0,0,1,0,4832
ACCOUNTANT,3,5,1,0,7482
ACCOUNTANT,1,0,1,0,6413
ACCOUNTANT,0,20,1,0,6066
ACCOUNTANT,3,0,1,0,4046
ACCOUNTANT,0,0,2,0,4753
ACCOUNTANT,3,0,1,0,4993
ACCOUNTANT,2,0,1,0,6626
ACCOUNTANT,0,0,1,0,4708
ACCOUNTANT,2,0,3,0,6281
ACCOUNTANT,3,10,1,0,3116
ACCOUNTANT,5,10,3,0,7493
ACCOUNTANT,3,20,2,0,6317
ACCOUNTANT,3,0,2,0,5547
ACCOUNTANT,3,0,2,0,5047
ACCOUNTANT,4,0,2,0,8553
ACCOUNTANT,2,20,3,1,6690
ACCOUNTANT,1,5,2,0,5018
ACCOUNTANT,0,0,2,0,6407
ACCOUNTANT,3,15,1,0,5680
ACCOUNTANT,1,0,4,0,5853
ACCOUNTANT,2,15,1,0,13109
ACCOUNTANT,0,0,3,0,5192
ACCOUNTANT,4,0,2,0,8127
ACCOUNTANT,4,5,2,0,6481
ACCOUNTANT,1,0,1,1,1589
ACCOUNTANT,3,0,2,0,4108
ACCOUNTANT,2,6,0,0,3342
ACCOUNTANT,4,0,4,0,4322
ACCOUNTANT,2,3,3,0,5738
ACCOUNTANT,1,0,3,0,6762
ACCOUNTANT,1,12,3,0,5016
ACCOUNTANT,1,15,2,0,4893
ACCOUNTANT,2,0,1,0,3542
ACCOUNTANT,3,0,4,0,5569
ACCOUNTANT,0,0,3,0,4786
ACCOUNTANT,4,0,2,0,5618
ACCOUNTANT,4,18,2,0,5019
ACCOUNTANT,3,0,2,0,5600
ACCOUNTANT,3,0,4,0,5900
ACCOUNTANT,0,84,2,0,5465
ACCOUNTANT,1,10,2,0,7628
ACCOUNTANT,3,0,2,0,5090
ACCOUNTANT,1,0,3,0,6737
ACCOUNTANT,1,11,1,0,5578
ACCOUNTANT,3,16,1,0,5899
ACCOUNTANT,3,0,1,0,5220
ACCOUNTANT,1,11,2,0,4836
ACCOUNTANT,4,0,2,0,5761
ACCOUNTANT,3,0,3,0,6441
ACCOUNTANT,3,0,3,0,6210
ACCOUNTANT,1,8,1,0,5082
ACCOUNTANT,4,0,3,0,8992
ACCOUNTANT,1,0,1,0,5934
ACCOUNTANT,0,0,0,0,1031
ACCOUNTANT,2,0,3,0,1953
ACCOUNTANT,2,0,1,0,2650
ACCOUNTANT,0,0,1,0,3399
ACCOUNTANT,0,0,1,0,3434
ACCOUNTANT,1,10,2,0,6938
ACCOUNTANT,3,0,1,0,6052
ACCOUNTANT,2,0,1,0,6038
ACCOUNTANT,1,8,4,0,5760
ACCOUNTANT,1,0,2,0,4637
ACCOUNTANT,0,2,1,0,5526
ACCOUNTANT,3,0,1,0,4974
ACCOUNTANT,3,15,2,0,8541
ACCOUNTANT,1,0,1,0,4780
ACCOUNTANT,2,15,3,0,6754
ACCOUNTANT,1,0,2,0,8875
ACCOUNTANT,2,0,1,0,5302
ACCOUNTANT,3,12,2,0,4837
ACCOUNTANT,0,0,2,0,5894
ACCOUNTANT,2,10,3,0,5905
ACCOUNTANT,2,3,3,1,6780
ACCOUNTANT,1,15,2,0,5678
ACCOUNTANT,0,10,2,0,8953
ACCOUNTANT,3,0,2,0,5094
ACCOUNTANT,4,8,2,0,8134
ACCOUNTANT,2,0,1,0,10308
ACCOUNTANT,3,0,2,0,7950
ACCOUNTANT,0,0,0,0,2178
ACCOUNTANT,0,20,0,0,6290
ACCOUNTANT,4,35,2,0,5047
ACCOUNTANT,1,5,1,0,6072
ACCOUNTANT,0,0,3,0,5151
ACCOUNTANT,2,3,0,0,5094
ACCOUNTANT,1,17,2,0,5119
ACCOUNTANT,2,0,1,0,1812
ACCOUNTANT,2,0,2,0,4812
ACCOUNTANT,2,3,2,0,5521
ACCOUNTANT,2,8,1,0,7789
ACCOUNTANT,0,0,2,0,6504
ACCOUNTANT,3,0,2,0,4797
ACCOUNTANT,0,26,1,0,5354
ACCOUNTANT,1,0,3,0,4870
ACCOUNTANT,2,0,2,0,4943
ACCOUNTANT,2,0,5,0,11403
ACCOUNTANT,1,10,2,0,5174
ACCOUNTANT,1,4,3,0,8622
ACCOUNTANT,0,8,4,0,11611
ACCOUNTANT,2,0,3,0,5687
ACCOUNTANT,0,15,0,0,3688
ACCOUNTANT,1,0,2,0,5265
ACCOUNTANT,2,2,1,0,5822
ACCOUNTANT,1,15,0,0,8535
ACCOUNTANT,1,0,2,0,6276
ACCOUNTANT,3,0,2,0,4647
ACCOUNTANT,3,0,2,0,5042
ACCOUNTANT,2,0,2,0,5463
ACCOUNTANT,4,7,2,0,5792
ADVOCATE,1,0,2,0,3923
ADVOCATE,0,0,1,0,5025
ADVOCATE,0,10,2,0,4843
ADVOCATE,1,0,2,0,2242
ADVOCATE,0,20,2,0,7993
ADVOCATE,1,1985,1,0,6058
ADVOCATE,1,0,1,2,5021
ADVOCATE,1,2,1,0,4808
ADVOCATE,0,0,3,0,3277
ADVOCATE,0,7,2,0,3436
ADVOCATE,1,0,1,0,6007
ADVOCATE,1,0,1,0,4938
ADVOCATE,3,0,2,0,5618
ADVOCATE,1,0,1,0,7003
ADVOCATE,3,0,2,0,4756
ADVOCATE,3,0,3,0,7283
ADVOCATE,0,0,0,0,5410
ADVOCATE,3,0,2,0,4982
ADVOCATE,1,0,3,0,4924
ADVOCATE,0,0,2,0,5418
ADVOCATE,0,0,1,0,4707
ADVOCATE,0,10,2,0,5374
ADVOCATE,0,6,2,0,5223
ADVOCATE,0,0,1,0,5931
ADVOCATE,2,0,1,0,4832
ADVOCATE,1,0,4,0,7359
ADVOCATE,1,0,3,0,11998
ADVOCATE,3,0,4,0,5838
ADVOCATE,3,0,2,0,3948
ADVOCATE,3,0,2,0,5685
ADVOCATE,1,3,1,0,4871
ADVOCATE,0,25,2,0,5820
ADVOCATE,1,0,1,0,5846
ADVOCATE,4,10,6,0,5474
ADVOCATE,3,8,1,0,4380
ADVOCATE,4,20,2,0,16419
ADVOCATE,1,0,3,0,8328
ADVOCATE,2,0,1,0,7359
ADVOCATE,0,0,0,0,5103
ADVOCATE,2,0,2,0,5074
ADVOCATE,3,12,2,0,7282
ADVOCATE,0,0,0,0,2215
ADVOCATE,2,8,2,0,5435
ADVOCATE,1,15,3,0,7521
ADVOCATE,0,0,1,0,4815
ADVOCATE,3,0,3,0,6950
ADVOCATE,0,10,0,0,4855
ADVOCATE,2,0,3,0,5648
ADVOCATE,0,29,4,0,6327
ADVOCATE,1,0,4,0,4404
ADVOCATE,0,5,2,0,4813
ADVOCATE,1,18,4,0,4916
ADVOCATE,0,0,2,0,7727
ADVOCATE,0,10,1,0,4449
ADVOCATE,3,0,1,0,5237
ADVOCATE,3,25,4,0,5239
ADVOCATE,3,0,3,0,13196
ADVOCATE,1,0,1,0,7883
ADVOCATE,0,0,3,0,6284
ADVOCATE,0,0,3,0,9031
ADVOCATE,1,35,0,1,11704
ADVOCATE,0,0,5,0,7053
ADVOCATE,7,0,5,0,5929
ADVOCATE,0,10,1,0,5003
ADVOCATE,0,4,4,0,7297
ADVOCATE,1,0,0,0,8461
ADVOCATE,0,15,0,0,5301
ADVOCATE,3,0,2,0,5524
ADVOCATE,0,0,0,0,5783
ADVOCATE,3,0,0,0,5319
ADVOCATE,0,0,2,0,5309
ADVOCATE,3,13,4,0,5311
ADVOCATE,0,10,1,0,2445
ADVOCATE,3,10,3,0,5011
ADVOCATE,0,7,2,0,5233
ADVOCATE,0,0,3,0,2735
ADVOCATE,1,0,3,0,6053
ADVOCATE,1,18,1,0,7975
ADVOCATE,1,0,3,0,6998
ADVOCATE,1,0,2,0,5281
ADVOCATE,0,0,0,0,6569
ADVOCATE,2,5,3,0,7264
ADVOCATE,2,20,3,0,7362
ADVOCATE,4,0,2,0,4777
ADVOCATE,0,0,3,0,1858
ADVOCATE,0,10,1,0,4986
ADVOCATE,2,2,2,0,8403
ADVOCATE,3,4,2,0,7070
ADVOCATE,3,0,3,0,6705
ADVOCATE,3,0,3,0,5394
ADVOCATE,1,0,3,0,5385
ADVOCATE,0,0,2,0,4670
ADVOCATE,0,0,1,0,6757
ADVOCATE,2,0,1,0,5557
ADVOCATE,6,7,1,2,20641
ADVOCATE,0,0,4,0,4674
ADVOCATE,2,0,2,0,7245
ADVOCATE,1,4,3,0,5705
ADVOCATE,3,0,1,0,7618
ADVOCATE,1,0,2,0,4845
ADVOCATE,0,0,2,0,3794
ADVOCATE,0,0,2,0,6969
ADVOCATE,3,0,3,0,4863
ADVOCATE,2,0,1,0,5088
ADVOCATE,0,0,4,0,5399
ADVOCATE,0,4,2,0,5412
ADVOCATE,0,13,3,0,7737
ADVOCATE,3,6,2,0,11786
ADVOCATE,1,0,0,1,8236
ADVOCATE,4,0,2,0,5158
ADVOCATE,5,19,2,0,5352
ADVOCATE,0,0,1,1,5406
ADVOCATE,0,4,2,0,4945
ADVOCATE,1,0,1,2,13775
ADVOCATE,0,0,1,0,2339
ADVOCATE,0,0,4,0,6671
ADVOCATE,1,0,4,0,12382
ADVOCATE,0,15,3,0,7188
AGRICULTURE,0,0,0,0,5268
AGRICULTURE,1,0,2,0,5048
AGRICULTURE,4,0,2,2,4606
AGRICULTURE,7,20,2,2,8616
AGRICULTURE,0,0,6,0,5365
AGRICULTURE,0,0,0,0,5426
AGRICULTURE,1,0,3,0,6512
AGRICULTURE,3,0,3,0,4985
AGRICULTURE,0,0,1,0,3443
AGRICULTURE,0,0,3,0,4825
AGRICULTURE,3,0,1,0,5929
AGRICULTURE,2,0,2,0,11057
AGRICULTURE,1,0,3,0,5214
AGRICULTURE,4,5,5,0,11491
AGRICULTURE,0,5,1,0,2277
AGRICULTURE,3,0,3,0,4267
AGRICULTURE,0,0,4,0,6766
AGRICULTURE,3,0,3,0,6774
AGRICULTURE,0,0,3,0,4961
AGRICULTURE,1,0,5,0,10598
AGRICULTURE,1,5,2,1,5041
AGRICULTURE,2,0,2,0,1370
AGRICULTURE,0,0,2,0,5291
AGRICULTURE,0,10,2,1,9269
AGRICULTURE,3,0,0,0,5520
AGRICULTURE,0,0,4,0,6822
AGRICULTURE,2,0,4,0,8213
AGRICULTURE,1,12,3,0,4606
AGRICULTURE,3,15,2,0,5639
AGRICULTURE,4,0,1,0,6254
AGRICULTURE,0,18,4,0,6993
AGRICULTURE,0,0,3,0,10383
AGRICULTURE,0,0,3,0,7570
AGRICULTURE,1,5,4,0,4740
AGRICULTURE,0,24,1,0,4970
AGRICULTURE,1,0,2,0,4931
AGRICULTURE,0,4,2,0,5962
AGRICULTURE,1,0,1,0,7834
AGRICULTURE,0,28,2,0,6370
AGRICULTURE,2,20,5,0,11114
AGRICULTURE,3,0,2,0,4931
AGRICULTURE,1,0,3,0,5120
AGRICULTURE,0,20,2,0,4879
AGRICULTURE,4,0,2,0,5567
AGRICULTURE,3,0,2,0,5339
AGRICULTURE,2,0,3,0,5046
AGRICULTURE,1,0,1,0,8052
AGRICULTURE,0,20,3,0,5717
AGRICULTURE,2,2,4,0,14253
AGRICULTURE,0,4,1,0,1393
AGRICULTURE,0,0,1,0,4736
AGRICULTURE,3,0,2,0,6702
AGRICULTURE,1,5,2,0,5576
AGRICULTURE,0,16,3,0,7683
AGRICULTURE,1,6,1,0,6486
AGRICULTURE,12,5,2,1,7938
AGRICULTURE,1,0,2,0,6233
AGRICULTURE,4,0,5,0,7398
AGRICULTURE,0,0,2,0,5654
AGRICULTURE,2,0,3,0,9400
AGRICULTURE,4,0,2,0,5716
AGRICULTURE,2,0,1,0,2451
AGRICULTURE,2,0,3,1,5525
APPAREL,2,0,1,0,2271
APPAREL,0,0,3,1,6334
APPAREL,4,0,3,0,8037
APPAREL,2,0,3,0,5469
APPAREL,0,0,3,0,1971
APPAREL,0,0,1,0,3046
APPAREL,0,0,4,0,7642
APPAREL,0,0,1,0,6574
APPAREL,0,0,2,0,2715
APPAREL,0,0,4,0,5291
APPAREL,1,0,3,0,4797
APPAREL,3,0,2,0,6252
APPAREL,2,20,1,0,6501
APPAREL,0,15,1,1,7566
APPAREL,3,0,2,0,2140
APPAREL,1,0,3,0,2392
APPAREL,0,13,0,0,1984
APPAREL,1,0,1,0,4980
APPAREL,6,0,1,0,5628
APPAREL,1,0,1,0,4782
APPAREL,2,0,3,0,6536
APPAREL,0,15,1,0,4891
APPAREL,0,0,1,0,4911
APPAREL,0,4,2,0,5184
APPAREL,0,20,2,0,4799
APPAREL,0,0,4,0,4904
APPAREL,2,0,4,0,5591
APPAREL,1,0,3,0,6169
APPAREL,4,0,3,0,5983
APPAREL,0,0,2,0,2394
APPAREL,4,0,3,0,5494
APPAREL,1,2,2,0,6708
APPAREL,2,13,3,1,12745
APPAREL,0,0,3,0,4780
APPAREL,0,7,1,0,6090
APPAREL,0,0,1,0,2590
APPAREL,0,0,1,0,10766
APPAREL,0,0,2,0,7027
APPAREL,1,0,5,0,7581
APPAREL,1,0,3,0,1814
APPAREL,3,0,2,0,6144
APPAREL,4,0,3,0,5846
APPAREL,0,0,3,0,4710
APPAREL,1,0,2,0,6078
APPAREL,1,0,2,0,4817
APPAREL,2,10,2,0,5317
APPAREL,3,0,2,0,4713
APPAREL,0,0,2,0,1710
APPAREL,0,0,1,0,4756
APPAREL,0,0,3,0,3006
APPAREL,0,0,2,0,5760
APPAREL,0,0,1,0,4735
APPAREL,0,25,2,0,5482
APPAREL,0,15,1,0,4878
APPAREL,0,4,2,0,5315
APPAREL,0,0,1,0,3279
APPAREL,0,15,2,0,7786
APPAREL,0,0,1,0,6733
APPAREL,1,0,1,0,5672
APPAREL,2,0,0,0,4774
APPAREL,0,0,1,0,2010
APPAREL,2,0,3,0,6289
APPAREL,1,0,0,0,6649
APPAREL,0,0,2,0,2048
APPAREL,3,0,1,0,7223
APPAREL,0,10,1,0,10990
APPAREL,4,5,3,0,6708
APPAREL,1,0,2,0,5977
APPAREL,0,0,4,0,4907
APPAREL,3,0,3,0,5436
APPAREL,3,0,1,0,6163
APPAREL,0,0,1,0,5053
APPAREL,0,0,2,0,5336
APPAREL,0,0,2,0,7870
APPAREL,4,0,1,0,6802
APPAREL,1,0,3,0,7995
APPAREL,1,0,1,0,4669
APPAREL,0,14,2,0,6600
APPAREL,0,20,0,0,5827
APPAREL,3,0,4,0,7291
APPAREL,4,0,3,0,6258
APPAREL,0,0,1,0,5599
APPAREL,5,0,2,0,2731
APPAREL,2,0,4,0,5579
APPAREL,3,0,2,0,7539
APPAREL,3,0,2,0,6567
APPAREL,0,0,2,0,4762
APPAREL,3,0,1,0,12016
APPAREL,3,7,4,0,8628
APPAREL,2,14,0,0,4701
APPAREL,3,0,2,0,8806
APPAREL,0,0,1,0,5050
APPAREL,2,0,1,0,7978
APPAREL,1,0,5,0,4916
APPAREL,3,0,2,0,5963
APPAREL,0,0,1,0,4937
APPAREL,0,0,3,0,6188
ARTS,0,15,5,0,9063
ARTS,0,0,2,0,1814
ARTS,0,0,2,0,4913
ARTS,3,11,3,0,4801
ARTS,2,0,2,0,5638
ARTS,3,0,2,0,8538
ARTS,0,22,2,0,6600
ARTS,0,0,4,0,6500
ARTS,0,0,3,0,5403
ARTS,1,15,1,0,5088
ARTS,0,0,1,0,2204
ARTS,0,0,4,0,2542
ARTS,0,0,1,0,4918
ARTS,2,0,3,0,4419
ARTS,0,0,1,0,1879
ARTS,2,10,2,0,11810
ARTS,1,0,1,1,7202
ARTS,0,10,3,0,5601
ARTS,0,0,1,0,1625
ARTS,0,0,3,0,4980
ARTS,1,2,3,0,9690
ARTS,3,0,3,0,5633
ARTS,0,0,1,0,4289
ARTS,3,0,1,0,8768
ARTS,0,0,0,0,4977
ARTS,2,18,2,0,7433
ARTS,0,2006,4,0,5999
ARTS,0,0,4,0,5957
ARTS,0,0,3,0,7999
ARTS,1,0,5,0,8056
ARTS,1,2,4,0,4869
ARTS,2,36,3,0,4936
ARTS,3,0,2,0,2565
ARTS,3,0,1,0,3298
ARTS,0,0,0,0,3133
ARTS,0,16,3,0,5459
ARTS,0,6,3,0,3642
ARTS,1,0,2,1,6131
ARTS,2,0,3,0,5999
ARTS,3,20,1,0,3559
ARTS,0,12,3,0,6608
ARTS,0,0,1,0,4744
ARTS,0,0,2,0,1880
ARTS,2,0,1,0,7246
ARTS,2,10,4,0,7047
ARTS,2,0,1,0,7819
ARTS,1,30,2,0,9385
ARTS,0,0,3,0,5092
ARTS,3,0,2,0,1786
ARTS,2,0,3,0,5117
ARTS,3,30,3,0,7413
ARTS,4,0,4,0,6048
ARTS,1,0,2,0,4803
ARTS,1,0,3,0,4713
ARTS,3,0,3,0,2716
ARTS,1,20,2,0,4761
ARTS,0,0,2,0,1576
ARTS,1,0,3,0,10164
ARTS,0,20,4,0,5624
ARTS,0,4,2,0,7253
ARTS,1,0,3,0,4981
ARTS,0,25,4,0,8311
ARTS,6,7,3,0,7338
ARTS,0,0,2,0,4717
ARTS,1,4,3,0,9725
ARTS,0,0,4,0,1126
ARTS,0,25,2,0,6908
ARTS,0,0,4,0,4681
ARTS,0,0,0,0,2953
ARTS,1,0,3,1,3495
ARTS,2,3,3,0,6502
ARTS,1,0,4,0,4703
ARTS,2,0,1,0,4793
ARTS,1,0,2,0,8282
ARTS,2,0,4,1,5413
ARTS,1,2,3,0,7261
ARTS,2,10,5,0,6439
ARTS,1,0,2,0,5334
ARTS,0,12,3,0,6814
ARTS,3,0,3,0,5931
ARTS,0,0,2,0,5206
ARTS,0,0,3,0,8635
ARTS,0,0,3,0,5281
ARTS,0,0,2,0,6493
ARTS,0,0,6,0,4949
ARTS,3,0,3,0,4719
ARTS,0,0,2,0,4793
ARTS,0,20,4,2,5722
ARTS,0,0,5,0,3363
ARTS,0,0,3,0,5055
ARTS,0,35,3,0,11149
ARTS,2,0,3,0,4817
ARTS,1,0,1,0,2533
ARTS,0,7,2,3,5125
ARTS,0,0,2,0,4789
ARTS,1,0,1,0,7320
ARTS,0,0,1,0,7155
ARTS,3,0,1,0,4711
ARTS,0,0,3,1,5121
ARTS,0,13,0,0,3304
ARTS,2,0,3,0,7890
ARTS,2,0,3,0,6121
ARTS,3,0,3,0,10166
AUTOMOBILE,0,0,4,0,13272
AUTOMOBILE,0,0,0,0,3360
AUTOMOBILE,0,20,2,0,7516
AUTOMOBILE,4,0,2,0,6300
AUTOMOBILE,0,0,1,0,6781
AUTOMOBILE,2,8,0,0,5953
AUTOMOBILE,0,13,1,0,4733
AUTOMOBILE,0,0,2,0,4735
AUTOMOBILE,2,0,1,0,4812
AUTOMOBILE,0,0,3,0,6697
AUTOMOBILE,0,0,2,0,1583
AUTOMOBILE,3,10,0,0,4300
AUTOMOBILE,0,0,1,0,4697
AUTOMOBILE,9,0,3,0,3249
AUTOMOBILE,2,0,2,0,5371
AUTOMOBILE,1,37,2,0,5090
AUTOMOBILE,0,0,4,0,5902
AUTOMOBILE,8,6,2,0,5560
AUTOMOBILE,0,15,2,0,5163
AUTOMOBILE,0,8,3,0,4823
AUTOMOBILE,0,30,4,0,4689
AUTOMOBILE,2,0,1,0,2145
AUTOMOBILE,3,0,0,1,3295
AUTOMOBILE,5,0,3,0,7114
AUTOMOBILE,2,6,1,0,6677
AUTOMOBILE,0,10,0,0,7837
AUTOMOBILE,4,0,5,0,5063
AUTOMOBILE,2,10,1,0,6281
AUTOMOBILE,7,11,5,0,21151
AUTOMOBILE,0,13,2,0,5119
AUTOMOBILE,2,0,2,0,5666
AUTOMOBILE,0,12,2,0,6810
AUTOMOBILE,1,0,3,0,1982
AUTOMOBILE,0,0,4,0,4701
AUTOMOBILE,0,12,2,0,6835
AUTOMOBILE,1,33,3,0,9389
AVIATION,4,0,3,0,5571
AVIATION,2,15,4,0,8781
AVIATION,0,19,5,0,3206
AVIATION,3,0,1,0,6765
AVIATION,4,20,2,0,4838
AVIATION,3,0,2,0,6093
AVIATION,0,26,2,0,6197
AVIATION,0,0,3,0,5913
AVIATION,0,12,2,0,4755
AVIATION,1,20,2,0,6247
AVIATION,3,0,3,0,8434
AVIATION,0,0,1,0,1438
AVIATION,2,0,2,1,7621
AVIATION,12,7,1,0,3930
AVIATION,0,0,2,0,1758
AVIATION,3,0,4,0,4884
AVIATION,0,0,1,0,5187
AVIATION,0,0,3,0,6903
AVIATION,3,8,1,0,6434
AVIATION,0,0,3,0,8705
AVIATION,2,0,2,0,7439
AVIATION,0,0,3,0,2514
AVIATION,0,0,0,0,5467
AVIATION,0,0,0,0,5031
AVIATION,2,13,0,0,5140
AVIATION,2,0,3,0,9960
AVIATION,3,6,2,0,6912
AVIATION,0,0,2,0,5426
AVIATION,0,3,2,0,9375
AVIATION,4,6,3,0,9943
AVIATION,3,10,2,0,4979
AVIATION,0,5,1,0,7306
AVIATION,0,0,2,0,6377
AVIATION,4,0,1,0,4859
AVIATION,2,9,4,0,6442
AVIATION,0,3,2,0,5411
AVIATION,0,0,1,0,3108
AVIATION,3,0,1,0,1966
AVIATION,0,8,3,0,6968
AVIATION,3,0,2,0,4951
AVIATION,0,18,0,0,4188
AVIATION,2,20,1,0,9106
AVIATION,2,0,3,0,6004
AVIATION,2,0,2,0,5050
AVIATION,2,0,3,0,6885
AVIATION,3,5,3,0,4811
AVIATION,0,0,3,0,5774
AVIATION,0,10,2,0,5068
AVIATION,6,15,3,0,6453
AVIATION,2,5,2,0,4412
AVIATION,0,0,2,0,6050
AVIATION,1,0,2,0,6193
AVIATION,11,0,2,0,3172
AVIATION,0,4,4,0,7900
AVIATION,0,20,2,0,7124
AVIATION,2,8,2,0,5759
AVIATION,3,0,3,0,6214
AVIATION,4,0,1,0,6790
AVIATION,0,278,3,0,11201
AVIATION,1,0,2,0,8658
AVIATION,0,25,1,0,13464
AVIATION,5,10,3,2,4807
AVIATION,4,5,0,0,6602
AVIATION,0,15,1,0,4253
AVIATION,3,0,2,0,9280
AVIATION,3,0,2,0,7488
AVIATION,0,14,3,0,4862
AVIATION,3,0,3,0,5804
AVIATION,0,0,1,5,4133
AVIATION,2,0,1,0,6948
AVIATION,0,5,2,0,4741
AVIATION,1,0,2,0,13443
AVIATION,3,3,0,0,3277
AVIATION,0,3,1,0,6380
AVIATION,2,0,3,0,13661
AVIATION,0,0,2,0,5264
AVIATION,0,4,3,0,1341
AVIATION,3,0,3,0,5357
AVIATION,1,0,1,0,4859
AVIATION,0,0,1,0,1795
AVIATION,4,0,3,0,5144
AVIATION,1,0,2,0,9170
AVIATION,0,0,2,0,2906
AVIATION,2,20,3,1,7039
AVIATION,0,11,3,0,4889
AVIATION,3,10,2,0,4979
AVIATION,0,1,2,0,7067
AVIATION,0,0,3,0,2372
AVIATION,1,0,3,0,4838
AVIATION,2,0,1,0,7534
AVIATION,3,0,3,0,7453
AVIATION,4,0,4,0,9239
AVIATION,1,0,1,0,5539
AVIATION,1,32,2,0,8653
AVIATION,0,0,2,0,5100
AVIATION,6,0,3,0,3147
AVIATION,0,17,2,0,6608
AVIATION,2,4,4,0,6579
AVIATION,0,0,2,0,5056
AVIATION,0,0,3,0,5141
AVIATION,0,0,1,0,5986
AVIATION,0,0,1,0,5663
AVIATION,0,17,0,0,5316
AVIATION,0,6,3,0,4686
AVIATION,1,2,2,0,5859
AVIATION,0,0,3,0,5020
AVIATION,0,0,2,0,2343
AVIATION,3,0,3,0,7719
AVIATION,0,0,2,0,2849
AVIATION,4,0,2,0,6053
AVIATION,0,10,0,0,4841
AVIATION,1,0,2,0,5095
AVIATION,0,0,4,0,5021
AVIATION,3,0,3,0,3482
AVIATION,0,0,0,0,1430
AVIATION,1,0,1,1,4792
AVIATION,0,0,2,0,5130
BANKING,3,0,2,0,4583
BANKING,1,0,1,0,5530
BANKING,3,0,2,0,4756
BANKING,2,0,1,0,6380
BANKING,0,20,1,0,6784
BANKING,4,25,2,0,5261
BANKING,0,0,0,0,6194
BANKING,3,10,2,1,5654
BANKING,0,0,2,0,4792
BANKING,0,0,1,0,4851
BANKING,3,10,2,0,6864
BANKING,1,35,0,0,5258
BANKING,0,12,3,0,4624
BANKING,3,15,3,0,6458
BANKING,0,0,5,0,5567
BANKING,2,0,3,0,2781
BANKING,3,0,1,0,9045
BANKING,4,0,2,0,4869
BANKING,2,0,3,0,5085
BANKING,2,8,4,0,5315
BANKING,2,6,2,0,5562
BANKING,3,0,2,0,5043
BANKING,4,0,3,0,6168
BANKING,0,15,1,0,5396
BANKING,2,18,3,0,6026
BANKING,6,0,3,1,7680
BANKING,3,0,2,0,3145
BANKING,2,6,1,1,5887
BANKING,0,5,3,0,2311
BANKING,0,0,5,0,4587
BANKING,1,0,4,1,7472
BANKING,0,8,2,0,4667
BANKING,0,12,4,0,4929
BANKING,2,0,2,0,4825
BANKING,3,0,3,0,8734
BANKING,3,0,2,0,11398
BANKING,3,0,2,0,4378
BANKING,0,15,2,0,2818
BANKING,1,0,1,0,6059
BANKING,2,0,1,0,5423
BANKING,1,0,2,0,6072
BANKING,0,0,2,0,3378
BANKING,18,18,1,1,15455
BANKING,3,20,2,0,4900
BANKING,0,0,1,0,4949
BANKING,0,0,0,0,9461
BANKING,1,0,3,0,8059
BANKING,3,0,2,0,1551
BANKING,1,0,3,0,6276
BANKING,4,0,2,0,1894
BANKING,5,0,1,0,6877
BANKING,3,2013,1,0,5547
BANKING,1,1098,4,0,7280
BANKING,0,7,4,0,5015
BANKING,2,26,2,0,7119
BANKING,4,10,1,0,5114
BANKING,2,2015,2,0,4920
BANKING,2,9,1,0,7522
BANKING,3,0,1,0,5677
BANKING,4,12,2,0,9972
BANKING,0,0,1,0,6947
BANKING,2,7,2,0,5093
BANKING,0,2,2,0,4903
BANKING,2,0,2,0,1969
BANKING,1,5,2,0,5862
BANKING,0,17,3,0,8497
BANKING,0,0,1,0,8236
BANKING,0,7,3,0,4530
BANKING,5,0,1,0,5214
BANKING,1,25,3,0,4980
BANKING,1,0,1,0,5242
BANKING,3,0,0,0,4824
BANKING,2,20,2,0,6683
BANKING,2,0,2,0,5406
BANKING,0,1,1,0,4730
BANKING,1,0,0,0,4168
BANKING,0,0,1,0,6395
BANKING,0,0,2,0,6620
BANKING,1,1,3,0,5686
BANKING,2,0,1,0,4685
BANKING,0,0,2,0,6575
BANKING,4,0,2,0,2941
BANKING,4,10,1,0,5049
BANKING,5,6,0,1,4887
BANKING,2,3,2,0,5284
BANKING,1,0,1,0,4873
BANKING,0,0,1,0,7083
BANKING,0,0,2,0,6533
BANKING,3,0,3,0,5317
BANKING,0,0,2,0,5048
BANKING,7,3,2,1,5214
BANKING,1,0,1,0,5170
BANKING,0,0,0,1,3381
BANKING,0,18,1,0,6945
BANKING,2,7,1,0,2923
BANKING,1,0,2,0,11148
BANKING,0,0,2,0,6346
BANKING,4,12,2,0,6969
BANKING,0,10,3,0,5122
BANKING,1,0,1,0,5693
BANKING,1,0,1,0,7695
BANKING,1,10,4,0,4639
BANKING,0,0,2,0,6197
BANKING,3,4,2,0,9472
BANKING,1,0,3,1,6466
BANKING,1,0,3,0,6119
BANKING,4,0,2,1,3007
BANKING,1,0,2,1,6867
BANKING,0,0,2,0,1600
BANKING,4,0,0,0,9204
BANKING,3,0,2,2,8373
BANKING,0,2,3,0,7961
BANKING,2,0,2,0,7530
BANKING,3,18,2,0,5077
BANKING,8,7,3,0,11268
BPO,0,8,0,0,8243
BPO,5,7,5,1,7378
BPO,0,6,1,3,6066
BPO,1,0,2,0,8735
BPO,3,0,1,0,5833
BPO,0,7,1,0,3090
BPO,1,0,3,0,5346
BPO,0,0,1,0,8341
BPO,1,0,4,0,6892
BPO,4,5,2,0,7228
BPO,1,2,5,0,15672
BPO,0,16,1,0,5024
BPO,0,0,2,0,5793
BPO,2,10,0,0,3674
BPO,6,3,3,0,8063
BPO,3,10,2,0,9234
BPO,3,0,3,3,9756
BPO,1,0,2,3,5897
BPO,3,8,3,0,5871
BPO,0,15,0,0,4374
BPO,1,7,4,0,7600
BPO,1,0,2,0,5014
BUSINESS-DEVELOPMENT,4,10,1,0,4709
BUSINESS-DEVELOPMENT,1,0,5,0,8189
BUSINESS-DEVELOPMENT,1,8,3,0,5417
BUSINESS-DEVELOPMENT,0,0,1,1,7730
BUSINESS-DEVELOPMENT,2,0,3,0,6070
BUSINESS-DEVELOPMENT,0,10,1,0,7427
BUSINESS-DEVELOPMENT,2,0,1,0,5207
BUSINESS-DEVELOPMENT,0,0,1,0,7693
BUSINESS-DEVELOPMENT,0,20,2,0,7557
BUSINESS-DEVELOPMENT,0,0,2,0,3075
BUSINESS-DEVELOPMENT,4,20,0,0,12209
BUSINESS-DEVELOPMENT,0,0,3,0,5666
BUSINESS-DEVELOPMENT,7,11,2,0,7616
BUSINESS-DEVELOPMENT,1,0,1,0,5167
BUSINESS-DEVELOPMENT,0,0,1,0,4874
BUSINESS-DEVELOPMENT,1,0,1,1,7433
BUSINESS-DEVELOPMENT,0,0,1,0,5247
BUSINESS-DEVELOPMENT,4,0,1,1,3816
BUSINESS-DEVELOPMENT,3,1,3,0,6049
BUSINESS-DEVELOPMENT,1,0,2,0,7311
BUSINESS-DEVELOPMENT,0,7,3,0,6363
BUSINESS-DEVELOPMENT,3,0,3,0,5213
BUSINESS-DEVELOPMENT,5,0,3,0,5011
BUSINESS-DEVELOPMENT,2,23,2,1,4977
BUSINESS-DEVELOPMENT,1,0,4,1,7010
BUSINESS-DEVELOPMENT,0,0,3,0,5458
BUSINESS-DEVELOPMENT,5,5,4,0,3708
BUSINESS-DEVELOPMENT,1,0,2,0,4717
BUSINESS-DEVELOPMENT,2,0,2,0,5532
BUSINESS-DEVELOPMENT,2,10,2,0,7143
BUSINESS-DEVELOPMENT,0,30,4,0,7347
BUSINESS-DEVELOPMENT,0,2,4,1,5111
BUSINESS-DEVELOPMENT,0,0,3,0,6705
BUSINESS-DEVELOPMENT,0,0,1,0,5778
BUSINESS-DEVELOPMENT,0,0,1,1,8093
BUSINESS-DEVELOPMENT,0,20,3,0,7164
BUSINESS-DEVELOPMENT,2,0,1,0,3428
BUSINESS-DEVELOPMENT,3,0,2,0,3595
BUSINESS-DEVELOPMENT,0,0,2,0,2640
BUSINESS-DEVELOPMENT,0,12,1,0,4830
BUSINESS-DEVELOPMENT,1,0,2,0,5220
BUSINESS-DEVELOPMENT,0,6,1,0,5321
BUSINESS-DEVELOPMENT,0,12,2,0,6451
BUSINESS-DEVELOPMENT,0,0,2,0,4283
BUSINESS-DEVELOPMENT,2,8,1,0,2389
BUSINESS-DEVELOPMENT,0,15,1,0,4984
BUSINESS-DEVELOPMENT,2,7,2,0,4866
BUSINESS-DEVELOPMENT,0,0,0,0,2072
BUSINESS-DEVELOPMENT,3,10,2,0,5621
BUSINESS-DEVELOPMENT,3,15,2,1,5184
BUSINESS-DEVELOPMENT,5,0,2,0,5231
BUSINESS-DEVELOPMENT,0,0,0,0,2278
BUSINESS-DEVELOPMENT,0,3,0,1,3655
BUSINESS-DEVELOPMENT,3,0,2,0,7294
BUSINESS-DEVELOPMENT,0,37,4,0,6492
BUSINESS-DEVELOPMENT,0,10,1,0,3698
BUSINESS-DEVELOPMENT,0,12,3,0,9163
BUSINESS-DEVELOPMENT,0,0,2,0,7208
BUSINESS-DEVELOPMENT,0,20,1,1,2777
BUSINESS-DEVELOPMENT,3,5,2,0,7936
BUSINESS-DEVELOPMENT,0,0,1,0,7377
BUSINESS-DEVELOPMENT,1,20,2,1,5214
BUSINESS-DEVELOPMENT,1,0,1,0,1569
BUSINESS-DEVELOPMENT,5,0,1,0,3419
BUSINESS-DEVELOPMENT,3,0,2,0,3657
BUSINESS-DEVELOPMENT,4,0,1,0,8298
BUSINESS-DEVELOPMENT,1,0,2,0,4914
BUSINESS-DEVELOPMENT,2,0,0,1,4733
BUSINESS-DEVELOPMENT,0,0,2,0,5240
BUSINESS-DEVELOPMENT,0,0,0,1,2810
BUSINESS-DEVELOPMENT,0,8,1,0,6083
BUSINESS-DEVELOPMENT,0,0,1,1,5046
BUSINESS-DEVELOPMENT,0,14,3,1,6208
BUSINESS-DEVELOPMENT,0,0,0,0,3710
BUSINESS-DEVELOPMENT,0,5,2,1,6908
BUSINESS-DEVELOPMENT,0,0,1,0,4850
BUSINESS-DEVELOPMENT,1,0,2,1,6484
BUSINESS-DEVELOPMENT,0,0,2,0,6662
BUSINESS-DEVELOPMENT,4,15,2,0,8875
BUSINESS-DEVELOPMENT,2,0,2,0,7266
BUSINESS-DEVELOPMENT,0,8,1,1,5247
BUSINESS-DEVELOPMENT,1,5,2,0,5533
BUSINESS-DEVELOPMENT,0,0,2,0,5860
BUSINESS-DEVELOPMENT,1,0,2,0,5548
BUSINESS-DEVELOPMENT,0,6,1,0,2456
BUSINESS-DEVELOPMENT,0,8,3,0,6611
BUSINESS-DEVELOPMENT,3,0,2,0,3553
BUSINESS-DEVELOPMENT,1,0,3,0,7367
BUSINESS-DEVELOPMENT,1,0,1,0,2781
BUSINESS-DEVELOPMENT,0,10,1,0,9632
BUSINESS-DEVELOPMENT,1,0,2,0,6115
BUSINESS-DEVELOPMENT,3,0,1,0,6461
BUSINESS-DEVELOPMENT,1,2,1,0,5711
BUSINESS-DEVELOPMENT,1,13,1,1,5245
BUSINESS-DEVELOPMENT,0,15,1,0,6253
BUSINESS-DEVELOPMENT,0,17,1,3,10670
BUSINESS-DEVELOPMENT,2,10,1,0,6139
BUSINESS-DEVELOPMENT,2,20,1,0,9984
BUSINESS-DEVELOPMENT,1,32,0,0,5988
BUSINESS-DEVELOPMENT,0,0,1,0,6331
BUSINESS-DEVELOPMENT,0,15,3,0,5281
BUSINESS-DEVELOPMENT,0,5,2,0,5459
BUSINESS-DEVELOPMENT,0,0,2,0,4221
BUSINESS-DEVELOPMENT,0,0,3,0,5222
BUSINESS-DEVELOPMENT,2,0,1,0,10505
BUSINESS-DEVELOPMENT,1,15,1,2,5045
BUSINESS-DEVELOPMENT,0,10,2,0,6415
BUSINESS-DEVELOPMENT,1,0,4,0,5898
BUSINESS-DEVELOPMENT,0,1,1,0,3597
BUSINESS-DEVELOPMENT,3,22,1,0,7316
BUSINESS-DEVELOPMENT,3,0,0,0,4994
BUSINESS-DEVELOPMENT,1,0,2,0,7222
BUSINESS-DEVELOPMENT,0,0,2,0,5246
BUSINESS-DEVELOPMENT,1,0,2,0,9443
BUSINESS-DEVELOPMENT,3,0,2,0,6418
BUSINESS-DEVELOPMENT,1,0,0,0,4873
BUSINESS-DEVELOPMENT,2,0,1,1,6219
BUSINESS-DEVELOPMENT,0,0,1,0,5213
BUSINESS-DEVELOPMENT,0,17,1,0,4169
CHEF,1,0,3,0,4813
CHEF,0,5,3,0,5262
CHEF,0,0,0,0,5489
CHEF,0,30,2,0,6407
CHEF,0,0,1,0,7972
CHEF,0,0,4,0,6926
CHEF,1,3,2,0,6087
CHEF,3,15,1,1,6270
CHEF,3,20,2,0,10498
CHEF,2,0,1,0,4886
CHEF,3,0,4,0,4826
CHEF,0,0,3,0,6464
CHEF,2,0,2,0,5274
CHEF,0,0,1,0,4664
CHEF,0,100,1,0,6443
CHEF,0,29,2,0,6622
CHEF,1,5,3,0,6158
CHEF,1,21,3,0,7373
CHEF,1,0,2,0,3479
CHEF,0,0,3,0,10493
CHEF,0,0,1,0,7338
CHEF,0,15,2,0,4667
CHEF,2,15,3,0,4765
CHEF,0,0,0,0,6152
CHEF,0,4,2,0,1794
CHEF,0,0,3,0,1758
CHEF,0,0,1,0,4764
CHEF,0,0,3,0,5197
CHEF,0,29,0,0,3353
CHEF,1,0,4,0,5053
CHEF,0,30,2,0,5523
CHEF,0,0,1,0,7497
CHEF,0,0,0,0,1326
CHEF,0,5,1,0,7001
CHEF,0,0,0,0,5761
CHEF,2,0,3,0,1732
CHEF,3,3,3,0,5383
CHEF,3,15,1,1,5499
CHEF,0,0,1,0,6256
CHEF,0,10,2,0,3002
CHEF,1,22,2,0,4776
CHEF,1,0,2,0,8038
CHEF,1,0,2,0,5639
CHEF,0,0,2,0,5844
CHEF,0,5,2,0,7653
CHEF,0,6,4,0,5111
CHEF,2,0,2,0,5480
CHEF,0,25,2,0,2801
CHEF,0,12,3,0,4874
CHEF,0,0,2,0,1809
CHEF,3,0,1,0,11845
CHEF,1,11,3,0,4622
CHEF,0,0,1,0,1546
CHEF,0,2,1,0,8177
CHEF,2,0,3,0,2094
CHEF,2,0,1,0,7195
CHEF,2,28,3,0,5205
CHEF,0,0,3,0,3525
CHEF,0,0,2,0,1712
CHEF,3,10,3,0,4826
CHEF,0,0,1,0,4798
CHEF,0,0,3,0,7145
CHEF,3,0,3,0,5637
CHEF,0,4,2,0,1185
CHEF,0,0,3,0,4996
CHEF,0,0,0,0,1318
CHEF,1,0,0,0,6719
CHEF,0,25,1,0,5955
CHEF,1,0,3,0,6080
CHEF,0,0,1,0,4762
CHEF,3,0,3,0,4777
CHEF,1,0,1,0,2082
CHEF,0,0,3,0,2888
CHEF,0,0,1,0,6415
CHEF,0,4,2,0,8485
CHEF,0,0,1,0,4861
CHEF,1,0,1,0,6060
CHEF,0,0,2,0,5573
CHEF,0,0,2,0,5166
CHEF,0,0,1,0,3468
CHEF,0,14,1,0,9195
CHEF,0,0,3,0,5359
CHEF,3,20,1,0,6295
CHEF,0,5,2,0,1884
CHEF,0,0,2,0,6010
CHEF,0,0,2,0,5878
CHEF,0,15,3,0,5494
CHEF,3,6,3,0,5070
CHEF,0,0,2,0,1871
CHEF,2,0,1,0,5945
CHEF,2,0,2,0,10928
CHEF,1,12,2,0,9480
CHEF,0,0,2,0,5993
CHEF,2,21,4,0,5306
CHEF,0,14,1,0,986
CHEF,4,0,3,0,8584
CHEF,0,5,3,0,3306
CHEF,0,0,1,0,5297
CHEF,3,0,2,0,1134
CHEF,4,0,1,0,2201
CHEF,0,0,1,0,4816
CHEF,0,0,5,0,5555
CHEF,2,0,4,0,5671
CHEF,1,0,2,0,6245
CHEF,0,0,2,0,5295
CHEF,0,0,2,0,6026
CHEF,1,8,4,0,6974
CHEF,0,22,1,0,14220
CHEF,1,0,3,0,5118
CHEF,1,0,2,0,7922
CHEF,3,0,2,0,2742
CHEF,0,2,1,0,2454
CHEF,0,0,1,0,5009
CHEF,0,0,3,0,6344
CHEF,1,0,0,0,5884
CHEF,1,0,2,0,5299
CHEF,2,8,2,0,4564
CHEF,0,16,2,0,10252
CONSTRUCTION,2,9,1,0,6872
CONSTRUCTION,0,4,3,0,5786
CONSTRUCTION,0,23,2,0,9746
CONSTRUCTION,0,6,2,0,9073
CONSTRUCTION,0,0,2,0,5321
CONSTRUCTION,3,0,0,0,5034
CONSTRUCTION,3,21,0,1,2392
CONSTRUCTION,0,7,3,0,5299
CONSTRUCTION,0,0,2,0,2140
CONSTRUCTION,1,16,1,0,8667
CONSTRUCTION,2,10,3,0,17599
CONSTRUCTION,0,0,1,0,6802
CONSTRUCTION,3,20,0,0,7945
CONSTRUCTION,3,0,3,0,7987
CONSTRUCTION,1,0,1,0,5620
CONSTRUCTION,0,3,1,0,9757
CONSTRUCTION,0,0,1,0,7439
CONSTRUCTION,3,0,1,0,4656
CONSTRUCTION,3,0,1,0,1922
CONSTRUCTION,3,10,1,0,5410
CONSTRUCTION,1,0,3,0,5910
CONSTRUCTION,1,26,2,0,3816
CONSTRUCTION,0,0,1,0,5181
CONSTRUCTION,0,25,3,0,8171
CONSTRUCTION,2,0,0,0,6756
CONSTRUCTION,1,51,2,0,5206
CONSTRUCTION,0,0,1,0,2676
CONSTRUCTION,3,13,1,0,3528
CONSTRUCTION,4,0,2,1,5266
CONSTRUCTION,0,5,2,0,5146
CONSTRUCTION,0,3,2,0,21005
CONSTRUCTION,0,0,2,0,6108
CONSTRUCTION,1,0,0,0,1483
CONSTRUCTION,2,22,2,0,5890
CONSTRUCTION,1,0,2,2,6171
CONSTRUCTION,3,0,3,0,7014
CONSTRUCTION,0,0,1,0,1757
CONSTRUCTION,0,0,3,0,3166
CONSTRUCTION,3,0,2,0,1712
CONSTRUCTION,0,20,2,0,7475
CONSTRUCTION,1,0,1,1,7798
CONSTRUCTION,1,18,3,0,6827
CONSTRUCTION,3,10,1,0,5220
CONSTRUCTION,0,33,3,0,8517
CONSTRUCTION,0,16,1,0,4784
CONSTRUCTION,0,30,2,0,5192
CONSTRUCTION,0,4,3,0,4751
CONSTRUCTION,0,0,2,0,692
CONSTRUCTION,0,3,3,0,7263
CONSTRUCTION,3,20,3,0,8402
CONSTRUCTION,2,0,1,0,7079
CONSTRUCTION,2,10,2,1,7814
CONSTRUCTION,0,17,1,0,3501
CONSTRUCTION,0,20,3,0,7101
CONSTRUCTION,0,0,2,0,1535
CONSTRUCTION,3,15,2,0,12112
CONSTRUCTION,0,0,2,0,4772
CONSTRUCTION,1,3,1,0,4975
CONSTRUCTION,0,0,3,0,5685
CONSTRUCTION,1,0,2,1,5545
CONSTRUCTION,2,0,1,0,3176
CONSTRUCTION,1,0,1,0,1258
CONSTRUCTION,1,30,2,0,9569
CONSTRUCTION,0,0,1,0,5496
CONSTRUCTION,0,5,2,0,6122
CONSTRUCTION,0,0,2,0,7741
CONSTRUCTION,3,7,1,0,5807
CONSTRUCTION,4,0,3,0,7259
CONSTRUCTION,1,0,0,0,5178
CONSTRUCTION,4,0,5,0,5887
CONSTRUCTION,0,0,1,0,2512
CONSTRUCTION,0,0,1,0,4917
CONSTRUCTION,1,0,2,0,5867
CONSTRUCTION,0,27,3,0,5737
CONSTRUCTION,2,13,2,0,4163
CONSTRUCTION,0,0,3,0,1927
CONSTRUCTION,3,0,0,0,8705
CONSTRUCTION,0,30,2,0,5383
CONSTRUCTION,2,0,2,0,10428
CONSTRUCTION,3,0,2,0,4884
CONSTRUCTION,0,0,4,0,7039
CONSTRUCTION,0,0,0,0,5010
CONSTRUCTION,2,20,2,0,6455
CONSTRUCTION,0,0,3,0,11403
CONSTRUCTION,2,8,4,0,5552
CONSTRUCTION,9,15,2,0,3253
CONSTRUCTION,3,14,5,0,6164
CONSTRUCTION,0,20,2,0,7207
CONSTRUCTION,2,5,2,0,2899
CONSTRUCTION,1,15,3,0,5836
CONSTRUCTION,0,38,1,0,6432
CONSTRUCTION,2,10,3,0,7842
CONSTRUCTION,0,15,3,0,5076
CONSTRUCTION,2,21,2,0,29185
CONSTRUCTION,0,0,2,0,3352
CONSTRUCTION,0,0,3,1,8655
CONSTRUCTION,0,0,1,0,3918
CONSTRUCTION,2,0,3,0,9709
CONSTRUCTION,2,8,2,0,4945
CONSTRUCTION,0,0,1,0,6620
CONSTRUCTION,0,0,2,0,4875
CONSTRUCTION,0,0,2,0,6645
CONSTRUCTION,3,0,1,0,5471
CONSTRUCTION,0,0,2,0,10775
CONSTRUCTION,0,0,2,0,5077
CONSTRUCTION,0,26,2,0,11458
CONSTRUCTION,0,0,2,0,5336
CONSTRUCTION,3,0,2,3,5968
CONSTRUCTION,0,0,1,0,4897
CONSTRUCTION,4,0,2,0,5059
CONSTRUCTION,0,0,2,0,4762
CONSTRUCTION,3,0,1,0,1566
CONSULTANT,1,0,1,0,5478
CONSULTANT,0,0,1,0,6207
CONSULTANT,3,0,0,0,5405
CONSULTANT,0,0,4,0,6269
CONSULTANT,0,3,4,0,5655
CONSULTANT,2,25,2,0,7917
CONSULTANT,1,5,2,0,2959
CONSULTANT,5,10,2,3,11375
CONSULTANT,3,15,1,0,6744
CONSULTANT,0,0,2,0,5662
CONSULTANT,0,0,2,1,8516
CONSULTANT,1,13,2,0,9432
CONSULTANT,1,15,1,0,5439
CONSULTANT,2,6,2,0,5279
CONSULTANT,0,15,3,1,5209
CONSULTANT,6,5,2,2,6021
CONSULTANT,0,0,3,0,4833
CONSULTANT,5,0,2,0,5473
CONSULTANT,2,15,3,3,8856
CONSULTANT,5,0,2,0,5667
CONSULTANT,1,0,0,0,7355
CONSULTANT,5,0,1,0,6683
CONSULTANT,3,0,2,0,5185
CONSULTANT,1,10,2,3,12375
CONSULTANT,8,0,2,0,6562
CONSULTANT,4,0,0,0,6100
CONSULTANT,0,0,0,0,5603
CONSULTANT,2,0,2,1,5651
CONSULTANT,1,0,5,0,5898
CONSULTANT,0,0,2,1,5049
CONSULTANT,3,0,1,0,4797
CONSULTANT,0,0,2,0,5470
CONSULTANT,3,28,4,0,7985
CONSULTANT,0,0,2,1,1521
CONSULTANT,0,0,1,0,1996
CONSULTANT,0,25,3,0,10836
CONSULTANT,3,3,2,1,12669
CONSULTANT,1,20,1,1,5531
CONSULTANT,8,6,3,0,5190
CONSULTANT,6,12,3,2,6032
CONSULTANT,2,0,1,0,4641
CONSULTANT,0,0,0,0,5086
CONSULTANT,1,5,2,0,9756
CONSULTANT,8,7,4,1,6565
CONSULTANT,3,15,1,0,5053
CONSULTANT,3,0,4,0,8307
CONSULTANT,4,0,2,0,4471
CONSULTANT,2,0,1,0,8190
CONSULTANT,8,0,4,1,7230
CONSULTANT,0,40,2,0,6344
CONSULTANT,0,10,2,0,4985
CONSULTANT,0,14,2,0,6129
CONSULTANT,1,1,0,1,5191
CONSULTANT,5,15,2,1,14812
CONSULTANT,4,14,0,0,7049
CONSULTANT,5,0,2,3,6183
CONSULTANT,1,14,2,0,5258
CONSULTANT,0,0,4,0,5672
CONSULTANT,2,5,3,0,8427
CONSULTANT,2,0,2,0,2460
CONSULTANT,1,20,1,0,2281
CONSULTANT,2,5,1,0,5942
CONSULTANT,2,0,1,0,7477
CONSULTANT,8,4,3,1,7010
CONSULTANT,4,0,1,0,13095
CONSULTANT,1,0,2,0,8248
CONSULTANT,3,6,5,0,10288
CONSULTANT,0,0,3,1,6469
CONSULTANT,0,0,0,0,4480
CONSULTANT,7,0,0,0,8106
CONSULTANT,1,0,3,0,8375
CONSULTANT,4,0,2,0,7311
CONSULTANT,1,0,2,0,4970
CONSULTANT,1,10,1,2,10575
CONSULTANT,0,0,2,0,5247
CONSULTANT,0,0,1,1,6309
CONSULTANT,1,15,3,0,7257
CONSULTANT,1,0,1,0,2477
CONSULTANT,0,0,1,0,7535
CONSULTANT,0,0,1,0,3001
CONSULTANT,1,0,2,0,1446
CONSULTANT,0,0,1,0,2198
CONSULTANT,0,10,1,3,5888
CONSULTANT,1,20,2,0,5868
CONSULTANT,3,26,3,0,5887
CONSULTANT,9,0,3,3,8887
CONSULTANT,10,0,3,1,11823
CONSULTANT,10,0,2,1,2295
CONSULTANT,0,0,3,0,6483
CONSULTANT,1,0,1,0,7962
CONSULTANT,2,6,3,0,5946
CONSULTANT,5,9,1,1,6818
CONSULTANT,0,0,4,1,4963
CONSULTANT,4,20,2,2,6628
CONSULTANT,0,0,1,0,7715
CONSULTANT,0,0,2,0,5063
CONSULTANT,6,0,2,0,4714
CONSULTANT,0,0,4,0,7955
CONSULTANT,3,2,2,0,6652
CONSULTANT,0,3,5,0,5373
CONSULTANT,1,0,1,0,12454
CONSULTANT,0,0,3,1,5084
CONSULTANT,0,0,1,0,1553
CONSULTANT,2,4,2,0,7072
CONSULTANT,1,0,1,0,4836
CONSULTANT,4,4,2,0,6410
CONSULTANT,0,5,1,0,2317
CONSULTANT,5,0,3,0,4802
CONSULTANT,1,30,5,0,11121
CONSULTANT,6,0,3,2,8067
CONSULTANT,0,7,5,0,9139
CONSULTANT,0,10,2,0,4747
CONSULTANT,6,0,2,1,7722
CONSULTANT,3,0,3,1,10338
CONSULTANT,3,25,2,0,7534
DESIGNER,0,0,1,0,1703
DESIGNER,0,0,1,0,5836
DESIGNER,4,5,3,0,8067
DESIGNER,3,0,2,0,16535
DESIGNER,0,0,2,0,4762
DESIGNER,0,0,3,0,9657
DESIGNER,8,0,3,0,6755
DESIGNER,2,0,2,0,5603
DESIGNER,9,3,1,1,5131
DESIGNER,2,0,1,0,8020
DESIGNER,1,0,2,0,3092
DESIGNER,3,34,2,0,10560
DESIGNER,0,27,3,0,2317
DESIGNER,0,0,0,0,1311
DESIGNER,0,15,3,0,6853
DESIGNER,1,0,3,0,6844
DESIGNER,1,0,6,0,5449
DESIGNER,1,0,1,0,2401
DESIGNER,0,0,2,0,2559
DESIGNER,0,0,2,0,5447
DESIGNER,4,5,2,0,7170
DESIGNER,0,0,4,0,5561
DESIGNER,0,0,0,0,2076
DESIGNER,0,0,2,0,2355
DESIGNER,2,0,1,0,3562
DESIGNER,1,0,3,0,5606
DESIGNER,4,0,2,0,7142
DESIGNER,2,0,0,0,1856
DESIGNER,5,20,1,0,4934
DESIGNER,0,0,4,1,6453
DESIGNER,3,0,3,0,5928
DESIGNER,1,0,1,0,5093
DESIGNER,0,0,2,0,7497
DESIGNER,3,0,1,0,3632
DESIGNER,1,0,4,0,5904
DESIGNER,0,0,2,0,2903
DESIGNER,3,0,5,0,5228
DESIGNER,5,15,1,0,6468
DESIGNER,1,0,1,0,806
DESIGNER,5,0,1,0,5285
DESIGNER,0,0,2,0,5679
DESIGNER,4,0,2,0,3773
DESIGNER,0,0,3,0,6466
DESIGNER,1,0,3,0,5391
DESIGNER,3,0,0,0,2214
DESIGNER,0,15,0,0,6536
DESIGNER,3,0,0,0,4037
DESIGNER,2,0,2,0,4962
DESIGNER,0,30,0,0,3436
DESIGNER,0,0,0,0,4763
DESIGNER,3,0,3,0,2549
DESIGNER,2,0,1,0,6072
DESIGNER,1,15,4,1,6094
DESIGNER,5,14,0,0,1740
DESIGNER,4,3,3,0,9835
DESIGNER,2,0,2,0,6032
DESIGNER,0,7,1,0,3820
DESIGNER,3,0,2,0,11535
DESIGNER,3,5,3,0,5422
DESIGNER,2,0,3,0,8854
DESIGNER,0,0,1,0,5378
DESIGNER,4,3,2,0,2900
DESIGNER,3,0,4,0,8103
DESIGNER,0,0,0,0,6034
DESIGNER,0,0,2,0,1989
DESIGNER,3,0,2,0,1714
DESIGNER,7,0,6,0,4978
DESIGNER,2,20,1,0,5870
DESIGNER,0,3,4,0,5215
DESIGNER,3,4,3,0,6305
DESIGNER,3,40,2,0,5453
DESIGNER,0,20,1,0,3379
DESIGNER,1,0,0,0,5904
DESIGNER,3,20,0,0,15452
DESIGNER,0,0,1,0,2476
DESIGNER,2,0,2,0,5395
DESIGNER,1,0,1,0,5798
DESIGNER,6,0,1,0,10165
DESIGNER,0,44,2,0,2527
DESIGNER,0,15,3,0,4338
DESIGNER,0,0,2,0,4458
DESIGNER,2,0,2,1,10298
DESIGNER,0,0,3,0,3105
DESIGNER,0,0,1,1,6454
DESIGNER,0,0,2,0,3320
DESIGNER,1,19,2,0,4940
DESIGNER,0,0,3,0,1702
DESIGNER,1,0,2,0,6068
DESIGNER,1,0,1,1,5080
DESIGNER,2,0,2,0,5625
DESIGNER,4,0,5,0,5346
DESIGNER,1,0,4,2,8692
DESIGNER,3,0,2,0,3202
DESIGNER,3,3,5,0,6603
DESIGNER,0,0,1,0,6862
DESIGNER,2,0,1,0,2401
DESIGNER,4,16,2,0,4640
DESIGNER,0,10,3,0,8030
DESIGNER,1,0,2,0,3992
DESIGNER,3,0,2,0,1785
DESIGNER,1,0,2,0,913
DESIGNER,2,0,0,0,2215
DESIGNER,8,5,4,0,5702
DESIGNER,1,28,2,0,8024
DESIGNER,1,0,2,0,2588
DESIGNER,3,0,2,0,5710
DESIGNER,1,0,2,0,5123
DIGITAL-MEDIA,0,0,3,0,5616
DIGITAL-MEDIA,1,19,3,0,5523
DIGITAL-MEDIA,3,0,1,3,5719
DIGITAL-MEDIA,0,0,4,0,5650
DIGITAL-MEDIA,0,0,1,0,2465
DIGITAL-MEDIA,5,7,2,0,5809
DIGITAL-MEDIA,1,12,1,0,5642
DIGITAL-MEDIA,0,10,1,0,6481
DIGITAL-MEDIA,3,0,1,0,5085
DIGITAL-MEDIA,4,0,2,0,2534
DIGITAL-MEDIA,1,0,3,0,4858
DIGITAL-MEDIA,1,0,3,1,7159
DIGITAL-MEDIA,2,0,3,0,4509
DIGITAL-MEDIA,0,0,3,0,4738
DIGITAL-MEDIA,1,0,2,0,2420
DIGITAL-MEDIA,0,15,2,0,7644
DIGITAL-MEDIA,2,0,2,0,4947
DIGITAL-MEDIA,0,7,3,0,1605
DIGITAL-MEDIA,0,0,3,1,6810
DIGITAL-MEDIA,0,0,1,0,3563
DIGITAL-MEDIA,1,0,2,0,1790
DIGITAL-MEDIA,0,0,2,1,7457
DIGITAL-MEDIA,5,0,1,0,6462
DIGITAL-MEDIA,2,0,3,0,6055
DIGITAL-MEDIA,3,0,2,1,4232
DIGITAL-MEDIA,0,30,2,0,6187
DIGITAL-MEDIA,0,0,1,0,5417
DIGITAL-MEDIA,3,0,1,0,6452
DIGITAL-MEDIA,7,0,1,2,8137
DIGITAL-MEDIA,3,0,1,0,5586
DIGITAL-MEDIA,0,0,0,0,2820
DIGITAL-MEDIA,0,9,2,0,5553
DIGITAL-MEDIA,4,0,2,1,5868
DIGITAL-MEDIA,3,0,0,0,1698
DIGITAL-MEDIA,0,5,1,0,2619
DIGITAL-MEDIA,2,0,3,0,7305
DIGITAL-MEDIA,0,0,3,0,5791
DIGITAL-MEDIA,1,50,1,1,10408
DIGITAL-MEDIA,3,10,0,0,3439
DIGITAL-MEDIA,1,10,3,0,6244
DIGITAL-MEDIA,0,15,3,0,12539
DIGITAL-MEDIA,0,0,0,0,1989
DIGITAL-MEDIA,4,4,0,0,6122
DIGITAL-MEDIA,2,0,1,0,2094
DIGITAL-MEDIA,0,0,2,0,5302
DIGITAL-MEDIA,0,25,2,1,23774
DIGITAL-MEDIA,1,13,2,0,6592
DIGITAL-MEDIA,5,0,2,1,5111
DIGITAL-MEDIA,1,0,1,0,10795
DIGITAL-MEDIA,2,20,1,0,7232
DIGITAL-MEDIA,2,0,1,0,5035
DIGITAL-MEDIA,2,0,1,0,6274
DIGITAL-MEDIA,0,0,3,0,5160
DIGITAL-MEDIA,2,0,2,0,2349
DIGITAL-MEDIA,2,0,2,0,2496
DIGITAL-MEDIA,2,0,1,1,5091
DIGITAL-MEDIA,3,0,0,0,6535
DIGITAL-MEDIA,1,20,3,2,14455
DIGITAL-MEDIA,1,0,2,0,6180
DIGITAL-MEDIA,5,0,1,2,9231
DIGITAL-MEDIA,6,0,1,1,7600
DIGITAL-MEDIA,5,5,0,2,3653
DIGITAL-MEDIA,3,35,3,0,6002
DIGITAL-MEDIA,0,0,3,0,5122
DIGITAL-MEDIA,0,10,1,0,8600
DIGITAL-MEDIA,0,0,3,0,7920
DIGITAL-MEDIA,0,0,3,0,4613
DIGITAL-MEDIA,1,0,2,0,4204
DIGITAL-MEDIA,1,20,4,0,4895
DIGITAL-MEDIA,3,0,0,0,4168
DIGITAL-MEDIA,4,5,3,1,5102
DIGITAL-MEDIA,0,0,0,0,7846
DIGITAL-MEDIA,2,0,2,0,3308
DIGITAL-MEDIA,0,0,1,0,4998
DIGITAL-MEDIA,2,0,3,0,6839
DIGITAL-MEDIA,5,0,2,1,4797
DIGITAL-MEDIA,0,0,1,0,3004
DIGITAL-MEDIA,2,100,0,0,12658
DIGITAL-MEDIA,4,0,0,1,6554
DIGITAL-MEDIA,0,0,3,0,4952
DIGITAL-MEDIA,1,12,4,0,3386
DIGITAL-MEDIA,8,0,3,1,2813
DIGITAL-MEDIA,2,0,2,0,5922
DIGITAL-MEDIA,2,15,1,4,8266
DIGITAL-MEDIA,2,0,3,0,5721
DIGITAL-MEDIA,3,0,3,0,2819
DIGITAL-MEDIA,0,0,0,0,7653
DIGITAL-MEDIA,0,0,0,0,2756
DIGITAL-MEDIA,3,0,2,0,9009
DIGITAL-MEDIA,5,0,2,1,9721
DIGITAL-MEDIA,3,0,1,1,7216
DIGITAL-MEDIA,0,0,1,0,2194
DIGITAL-MEDIA,0,0,1,0,3020
DIGITAL-MEDIA,0,10,1,0,4704
DIGITAL-MEDIA,1,6,1,0,4788
DIGITAL-MEDIA,0,20,2,0,5289
ENGINEERING,0,0,0,0,2687
ENGINEERING,0,20,2,0,7757
ENGINEERING,11,17,2,0,6649
ENGINEERING,1,20,2,0,9291
ENGINEERING,1,5,4,0,4685
ENGINEERING,4,8,4,0,5604
ENGINEERING,3,20,0,0,5756
ENGINEERING,8,3,2,0,6714
ENGINEERING,1,0,3,0,5441
ENGINEERING,7,0,2,0,17709
ENGINEERING,1,0,4,2,6920
ENGINEERING,0,6,1,0,6862
ENGINEERING,2,25,2,0,5529
ENGINEERING,0,0,2,0,6649
ENGINEERING,2,5,3,0,18740
ENGINEERING,0,0,2,0,5689
ENGINEERING,3,0,0,0,3408
ENGINEERING,1,29,2,0,11536
ENGINEERING,1,20,2,0,12857
ENGINEERING,0,0,1,0,2104
ENGINEERING,1,10,1,0,4979
ENGINEERING,0,0,2,0,5017
ENGINEERING,1,20,3,0,4858
ENGINEERING,2,0,2,0,4931
ENGINEERING,6,20,2,1,6557
ENGINEERING,0,0,4,0,5403
ENGINEERING,3,0,1,0,5404
ENGINEERING,0,0,1,0,4887
ENGINEERING,1,8,2,0,6080
ENGINEERING,1,15,3,0,7910
ENGINEERING,3,10,2,0,5008
ENGINEERING,5,0,3,0,5037
ENGINEERING,0,2,4,0,4870
ENGINEERING,3,10,2,0,4805
ENGINEERING,1,9,2,0,3136
ENGINEERING,4,22,4,0,7026
ENGINEERING,1,30,1,0,5938
ENGINEERING,1,0,2,0,5404
ENGINEERING,5,30,2,0,8238
ENGINEERING,3,0,1,0,1197
ENGINEERING,0,5,2,0,7418
ENGINEERING,1,20,0,0,2748
ENGINEERING,2,0,3,0,6083
ENGINEERING,1,10,1,1,7140
ENGINEERING,5,4,1,3,5888
ENGINEERING,2,0,1,0,5626
ENGINEERING,3,25,2,0,5794
ENGINEERING,4,0,2,0,6652
ENGINEERING,1,0,2,0,5204
ENGINEERING,2,0,2,0,4903
ENGINEERING,0,0,3,0,7678
ENGINEERING,3,8,3,0,6141
ENGINEERING,3,0,3,0,4834
ENGINEERING,0,4,1,0,4813
ENGINEERING,0,0,0,0,2032
ENGINEERING,7,0,2,0,4621
ENGINEERING,0,30,2,0,7326
ENGINEERING,2,10,1,0,3102
ENGINEERING,8,14,2,2,5899
ENGINEERING,2,23,2,0,5455
ENGINEERING,0,7,1,0,4612
ENGINEERING,3,20,0,0,6170
ENGINEERING,0,4,2,0,4973
ENGINEERING,8,0,3,1,7928
ENGINEERING,2,20,2,0,11423
ENGINEERING,4,0,2,1,2684
ENGINEERING,0,24,3,2,5092
ENGINEERING,4,20,0,0,6904
ENGINEERING,0,0,2,0,5372
ENGINEERING,2,0,2,0,5500
ENGINEERING,6,12,2,0,4860
ENGINEERING,3,0,2,0,3435
ENGINEERING,1,24,2,0,8856
ENGINEERING,3,0,0,0,6416
ENGINEERING,5,0,1,0,5986
ENGINEERING,5,0,2,2,8053
ENGINEERING,5,0,4,0,10382
ENGINEERING,2,0,3,0,5795
ENGINEERING,4,0,1,0,2981
ENGINEERING,0,14,2,0,6801
ENGINEERING,1,0,1,0,5582
ENGINEERING,8,2,6,2,10074
ENGINEERING,0,0,1,0,15163
ENGINEERING,0,3,2,0,5413
ENGINEERING,4,0,2,0,4692
ENGINEERING,2,0,3,0,6280
ENGINEERING,4,20,3,2,8887
ENGINEERING,0,12,1,0,4912
ENGINEERING,0,8,1,0,3328
ENGINEERING,2,0,1,0,1411
ENGINEERING,1,0,2,0,5627
ENGINEERING,0,0,1,0,7281
ENGINEERING,1,0,2,0,6918
ENGINEERING,2,25,0,0,3475
ENGINEERING,4,125,2,0,8038
ENGINEERING,2,0,3,0,3960
ENGINEERING,2,1,5,0,5492
ENGINEERING,0,0,2,0,8468
ENGINEERING,9,0,0,1,9026
ENGINEERING,5,15,0,0,2836
ENGINEERING,8,0,4,0,5985
ENGINEERING,3,10,2,0,6444
ENGINEERING,1,9,3,0,5050
ENGINEERING,2,5,2,0,5842
ENGINEERING,0,0,2,0,2914
ENGINEERING,2,5,1,0,5251
ENGINEERING,0,25,2,0,5667
ENGINEERING,3,20,0,0,6121
ENGINEERING,2,0,2,0,4570
ENGINEERING,2,0,2,1,5461
ENGINEERING,3,0,2,0,5972
ENGINEERING,2,0,0,0,9220
ENGINEERING,2,0,5,0,4146
ENGINEERING,3,10,1,2,7485
ENGINEERING,0,0,1,0,6938
ENGINEERING,0,0,3,0,5129
ENGINEERING,2,12,2,2,6534
ENGINEERING,1,0,2,0,7790
FINANCE,2,0,1,0,5721
FINANCE,2,20,3,0,5864
FINANCE,0,0,1,0,4894
FINANCE,3,0,2,0,3292
FINANCE,1,0,2,0,10526
FINANCE,1,0,1,0,5379
FINANCE,0,5,1,0,8433
FINANCE,5,169,2,1,8948
FINANCE,3,0,1,1,4793
FINANCE,1,3,2,0,5932
FINANCE,0,12,0,0,7078
FINANCE,2,12,4,0,19966
FINANCE,3,0,1,0,5598
FINANCE,3,35,3,0,5202
FINANCE,0,0,2,0,5260
FINANCE,0,0,1,0,5432
FINANCE,3,0,5,0,8019
FINANCE,0,0,1,0,4917
FINANCE,4,0,2,0,6487
FINANCE,2,9,1,0,6407
FINANCE,1,0,4,1,7457
FINANCE,2,0,2,0,5091
FINANCE,4,3,3,0,6438
FINANCE,0,14,0,1,6909
FINANCE,0,2,0,0,6875
FINANCE,0,20,1,0,5621
FINANCE,2,25,1,0,4703
FINANCE,2,25,2,0,5556
FINANCE,4,0,3,1,4779
FINANCE,1,0,1,0,8240
FINANCE,4,0,2,0,4785
FINANCE,3,0,3,0,5358
FINANCE,0,0,2,0,3363
FINANCE,0,0,1,0,5290
FINANCE,2,1,4,0,6215
FINANCE,4,5,3,0,3810
FINANCE,4,0,4,1,7263
FINANCE,2,0,3,0,5555
FINANCE,2,12,2,1,5951
FINANCE,0,19,2,0,5270
FINANCE,2,20,2,0,5058
FINANCE,2,0,2,0,2079
FINANCE,0,0,2,0,5697
FINANCE,0,4,2,0,5495
FINANCE,0,0,0,0,3037
FINANCE,2,0,1,1,7220
FINANCE,0,6,0,0,5789
FINANCE,2,0,2,0,4816
FINANCE,3,0,1,0,9206
FINANCE,3,7,2,0,10840
FINANCE,3,10,2,0,3287
FINANCE,0,0,4,0,8848
FINANCE,0,0,2,3,7381
FINANCE,1,0,1,0,5208
FINANCE,0,0,1,0,5128
FINANCE,2,0,3,0,6786
FINANCE,2,0,1,0,5542
FINANCE,2,0,1,0,5363
FINANCE,2,0,1,0,10014
FINANCE,2,0,2,0,5111
FINANCE,1,0,2,0,5586
FINANCE,0,0,3,0,6469
FINANCE,1,9,2,0,5293
FINANCE,1,0,2,0,4863
FINANCE,1,0,2,0,9569
FINANCE,1,3,2,0,1868
FINANCE,3,0,0,0,5507
FINANCE,1,15,1,0,8260
FINANCE,2,25,1,0,4703
FINANCE,3,6,1,0,5586
FINANCE,0,0,2,0,7742
FINANCE,0,0,2,0,6911
FINANCE,1,0,3,0,5646
FINANCE,0,10,3,0,8732
FINANCE,2,0,3,0,5050
FINANCE,2,12,4,0,5625
FINANCE,0,15,1,0,4967
FINANCE,0,0,0,0,6778
FINANCE,2,0,1,0,4956
FINANCE,0,0,2,0,4748
FINANCE,1,0,1,0,5483
FINANCE,4,6,2,0,3028
FINANCE,3,0,3,1,6025
FINANCE,1,15,1,0,5097
FINANCE,3,8,2,0,5180
FINANCE,2,25,1,0,5044
FINANCE,1,0,3,0,5278
FINANCE,1,0,3,0,4836
FINANCE,3,0,1,0,3943
FINANCE,0,0,1,0,5260
FINANCE,1,6,1,0,5654
FINANCE,1,2,3,0,6345
FINANCE,4,0,1,0,4985
FINANCE,2,4,3,0,6330
FINANCE,0,0,1,0,2497
FINANCE,0,10,1,0,4044
FINANCE,0,15,1,0,5180
FINANCE,3,0,2,0,6986
FINANCE,0,0,2,0,4747
FINANCE,2,12,3,0,8143
FINANCE,1,0,2,0,7817
FINANCE,2,0,6,0,5301
FINANCE,4,0,3,0,2085
FINANCE,4,0,1,0,5390
FINANCE,1,8,2,0,5326
FINANCE,2,0,1,0,6013
FINANCE,1,20,2,0,8140
FINANCE,3,20,3,0,9460
FINANCE,1,16,4,0,9467
FINANCE,2,4,4,0,5237
FINANCE,0,0,3,0,2778
FINANCE,0,3,2,0,4860
FINANCE,0,2,1,0,6022
FINANCE,2,0,1,0,5854
FINANCE,0,0,3,0,5465
FINANCE,0,0,2,0,7037
FINANCE,1,9,1,0,2741
FINANCE,1,0,1,0,6972
FITNESS,1,0,3,0,6315
FITNESS,3,0,3,0,5424
FITNESS,0,12,2,0,8514
FITNESS,0,0,1,0,3585
FITNESS,0,0,3,0,4849
FITNESS,0,0,1,0,2846
FITNESS,0,0,2,0,4715
FITNESS,1,0,2,0,5250
FITNESS,2,10,1,0,5873
FITNESS,0,0,2,0,1329
FITNESS,0,0,4,0,5303
FITNESS,0,0,3,0,5778
FITNESS,2,10,1,0,4821
FITNESS,0,0,2,0,4086
FITNESS,1,0,0,0,8295
FITNESS,0,0,3,0,6922
FITNESS,0,0,2,0,2615
FITNESS,0,0,2,0,8070
FITNESS,0,0,0,0,4927
FITNESS,3,22,1,0,6635
FITNESS,0,0,1,0,6652
FITNESS,2,0,2,0,4500
FITNESS,0,0,2,0,2841
FITNESS,0,0,3,0,7815
FITNESS,2,2,2,0,5104
FITNESS,2,0,2,0,5944
FITNESS,0,0,2,0,2195
FITNESS,1,0,0,0,2707
FITNESS,0,0,2,0,2326
FITNESS,3,0,2,0,4830
FITNESS,0,0,1,0,2571
FITNESS,0,0,2,0,4735
FITNESS,0,0,0,0,1776
FITNESS,1,0,1,0,5416
FITNESS,0,0,1,0,2990
FITNESS,0,0,4,0,8335
FITNESS,4,0,1,0,2278
FITNESS,1,0,3,0,1913
FITNESS,0,0,1,0,9229
FITNESS,3,0,1,0,2231
FITNESS,0,12,2,0,5653
FITNESS,0,20,1,0,4954
FITNESS,0,7,4,0,7288
FITNESS,4,4,5,0,5091
FITNESS,1,50,2,0,7395
FITNESS,1,0,4,0,5754
FITNESS,2,12,3,0,6719
FITNESS,2,8,3,0,5889
FITNESS,6,5,2,0,5295
FITNESS,0,10,3,0,5782
FITNESS,0,0,2,0,4861
FITNESS,3,0,0,0,7339
FITNESS,3,4,2,0,6647
FITNESS,2,5,3,0,6866
FITNESS,3,0,4,0,5221
FITNESS,0,10,1,0,5666
FITNESS,2,10,2,0,4715
FITNESS,0,0,2,0,3836
FITNESS,0,0,4,0,5905
FITNESS,0,0,1,0,4856
FITNESS,0,0,0,0,3646
FITNESS,0,22,3,0,3061
FITNESS,3,0,3,0,7522
FITNESS,0,10,1,0,2502
FITNESS,3,0,4,0,5343
FITNESS,0,13,1,0,6162
FITNESS,2,19,3,0,4769
FITNESS,0,0,2,0,4769
FITNESS,0,14,2,0,3803
FITNESS,3,0,0,0,2430
FITNESS,0,2,2,0,5462
FITNESS,0,3,3,0,5768
FITNESS,0,0,2,0,2581
FITNESS,0,0,1,0,4873
FITNESS,0,1,2,1,4708
FITNESS,0,0,2,0,6856
FITNESS,0,1,3,0,2449
FITNESS,1,0,3,0,5207
FITNESS,1,10,1,0,12836
FITNESS,5,0,2,0,3603
FITNESS,0,0,3,0,5054
FITNESS,0,0,3,0,5721
FITNESS,0,89,4,0,7021
FITNESS,0,50,2,0,6314
FITNESS,0,0,3,0,6190
FITNESS,0,15,1,0,5613
FITNESS,0,20,1,0,13783
FITNESS,4,11,0,0,5913
FITNESS,0,5,1,0,5325
FITNESS,1,0,1,0,9763
FITNESS,3,20,2,0,4475
FITNESS,0,0,2,0,7252
FITNESS,0,0,2,0,4774
FITNESS,2,0,3,0,2135
FITNESS,0,5,2,0,6291
FITNESS,0,5,2,0,4496
FITNESS,1,0,1,0,7069
FITNESS,0,0,3,0,6507
FITNESS,0,15,0,0,4997
FITNESS,0,12,2,0,6809
FITNESS,1,8,2,1,7904
FITNESS,2,3,1,0,7305
FITNESS,0,0,2,0,5745
FITNESS,0,0,2,0,4862
FITNESS,0,0,4,0,5207
FITNESS,0,0,3,0,2874
FITNESS,0,0,4,0,8221
FITNESS,0,0,1,0,2316
FITNESS,0,0,4,0,5329
FITNESS,1,14,2,0,5102
FITNESS,0,0,3,0,1459
FITNESS,0,0,2,0,5633
FITNESS,2,0,1,0,5505
FITNESS,0,0,3,0,4950
FITNESS,0,3,1,0,2767
FITNESS,1,0,2,0,1993
FITNESS,3,10,1,0,4942
HEALTHCARE,3,18,3,0,11659
HEALTHCARE,1,0,3,0,5508
HEALTHCARE,4,15,3,0,5280
HEALTHCARE,0,0,1,0,7230
HEALTHCARE,0,0,1,0,16054
HEALTHCARE,3,0,2,0,7734
HEALTHCARE,2,0,4,0,5261
HEALTHCARE,0,4,1,0,5819
HEALTHCARE,1,0,3,1,5592
HEALTHCARE,0,0,3,0,4531
HEALTHCARE,1,0,0,0,6196
HEALTHCARE,0,0,0,0,5835
HEALTHCARE,0,0,1,0,3363
HEALTHCARE,3,0,3,0,5045
HEALTHCARE,0,0,2,0,6034
HEALTHCARE,0,0,4,0,12112
HEALTHCARE,7,20,2,2,7362
HEALTHCARE,3,8,3,0,7338
HEALTHCARE,0,102,3,0,7228
HEALTHCARE,0,10,1,0,4945
HEALTHCARE,1,4,2,0,6377
HEALTHCARE,1,18,3,0,7970
HEALTHCARE,3,0,2,0,9065
HEALTHCARE,0,4,2,0,5447
HEALTHCARE,0,22,2,0,9580
HEALTHCARE,4,25,1,0,7175
HEALTHCARE,0,0,4,0,7000
HEALTHCARE,0,0,0,0,5359
HEALTHCARE,1,18,2,0,4681
HEALTHCARE,0,0,0,0,8010
HEALTHCARE,0,0,2,0,4808
HEALTHCARE,2,20,5,1,7773
HEALTHCARE,0,0,2,1,5164
HEALTHCARE,1,10,3,0,6213
HEALTHCARE,3,0,2,0,5764
HEALTHCARE,0,0,3,0,4729
HEALTHCARE,0,10,3,0,5228
HEALTHCARE,0,0,2,0,6804
HEALTHCARE,3,0,1,2,6372
HEALTHCARE,1,0,2,1,7344
HEALTHCARE,0,0,2,0,4915
HEALTHCARE,0,0,2,0,5431
HEALTHCARE,2,21,2,0,7089
HEALTHCARE,5,0,3,0,9871
HEALTHCARE,0,3,2,0,5602
HEALTHCARE,3,9,3,0,6463
HEALTHCARE,2,0,2,0,8242
HEALTHCARE,2,1,3,0,8336
HEALTHCARE,3,0,3,0,5394
HEALTHCARE,2,0,2,0,9744
HEALTHCARE,1,0,2,0,4996
HEALTHCARE,2,3,3,0,5739
HEALTHCARE,0,0,1,0,5391
HEALTHCARE,0,0,3,0,5039
HEALTHCARE,2,3,1,0,4931
HEALTHCARE,0,0,2,0,5256
HEALTHCARE,0,3,1,0,4997
HEALTHCARE,0,28,3,0,6597
HEALTHCARE,0,25,3,0,5067
HEALTHCARE,3,0,2,0,4909
HEALTHCARE,0,0,3,0,8570
HEALTHCARE,3,0,2,0,4840
HEALTHCARE,3,0,1,1,5871
HEALTHCARE,0,0,1,0,4705
HEALTHCARE,1,0,3,0,4896
HEALTHCARE,3,4,2,0,5281
HEALTHCARE,0,0,3,0,6527
HEALTHCARE,0,0,3,0,10816
HEALTHCARE,0,10,0,0,8044
HEALTHCARE,0,0,4,0,20539
HEALTHCARE,0,0,1,0,4989
HEALTHCARE,2,0,3,0,5867
HEALTHCARE,0,3,3,0,7115
HEALTHCARE,0,15,1,0,7186
HEALTHCARE,2,0,3,0,7710
HEALTHCARE,3,0,3,0,5086
HEALTHCARE,1,10,2,1,8861
HEALTHCARE,1,7,2,0,6152
HEALTHCARE,0,20,4,0,8257
HEALTHCARE,3,0,4,0,5833
HEALTHCARE,0,0,3,0,4132
HEALTHCARE,0,16,2,0,6366
HEALTHCARE,0,20,1,0,5312
HEALTHCARE,0,0,3,0,7974
HEALTHCARE,0,0,1,0,1765
HEALTHCARE,4,10,3,0,4816
HEALTHCARE,1,16,4,0,5799
HEALTHCARE,0,20,3,0,4601
HEALTHCARE,0,20,3,0,5860
HEALTHCARE,3,0,1,0,3350
HEALTHCARE,1,15,2,0,5623
HEALTHCARE,1,0,3,0,9233
HEALTHCARE,0,0,1,0,7574
HEALTHCARE,1,10,0,0,5126
HEALTHCARE,0,0,1,0,7953
HEALTHCARE,4,0,2,0,5011
HEALTHCARE,2,5,3,0,5289
HEALTHCARE,0,0,3,0,5697
HEALTHCARE,3,0,4,0,5369
HEALTHCARE,3,21,2,0,6787
HEALTHCARE,1,0,2,0,2279
HEALTHCARE,0,0,1,0,5375
HEALTHCARE,2,25,1,0,4787
HEALTHCARE,2,0,2,0,6119
HEALTHCARE,0,0,2,0,5835
HEALTHCARE,0,10,3,0,8185
HEALTHCARE,1,0,3,0,6528
HEALTHCARE,3,0,3,0,5311
HEALTHCARE,0,6,3,0,6336
HEALTHCARE,3,10,3,0,12040
HEALTHCARE,3,0,0,0,3323
HEALTHCARE,0,0,3,0,5568
HEALTHCARE,0,0,3,0,11592
HEALTHCARE,7,8,1,1,10438
HEALTHCARE,2,20,1,0,11947
HR,3,8,3,0,5330
HR,0,27,2,0,4812
HR,0,0,2,0,8390
HR,3,0,0,0,5164
HR,3,0,3,0,3828
HR,3,0,2,0,5256
HR,3,15,2,0,6399
HR,1,0,1,0,4909
HR,4,0,2,0,4857
HR,1,5,3,0,6298
HR,0,7,3,0,6056
HR,3,0,2,0,6077
HR,2,0,2,0,4783
HR,1,20,2,0,4930
HR,4,0,0,1,5353
HR,0,15,2,0,4899
HR,0,0,2,0,8672
HR,2,0,3,0,9047
HR,0,0,2,0,5063
HR,0,15,3,0,5056
HR,0,0,0,0,5397
HR,6,4,4,0,7754
HR,0,0,0,0,4791
HR,3,7,3,0,6348
HR,3,0,0,0,5231
HR,3,0,2,0,8900
HR,4,0,0,0,6661
HR,4,0,1,0,5640
HR,3,0,0,0,6555
HR,5,0,4,0,10145
HR,3,9,1,0,5981
HR,1,20,1,0,4834
HR,0,0,3,0,6291
HR,3,0,0,0,4971
HR,3,0,3,0,7314
HR,1,3,2,0,8139
HR,3,6,1,0,13322
HR,3,0,2,0,1834
HR,0,10,0,0,5972
HR,3,0,4,0,6624
HR,0,0,3,0,4983
HR,4,0,2,0,5389
HR,2,0,2,0,24570
HR,3,0,5,0,7619
HR,1,20,3,0,5353
HR,0,0,3,0,8983
HR,1,15,0,0,8092
HR,0,0,2,0,5242
HR,3,0,1,0,5436
HR,4,10,1,0,5125
HR,2,10,2,0,6274
HR,1,0,2,0,5063
HR,3,0,1,0,8780
HR,2,5,3,0,5727
HR,3,6,5,0,16788
HR,0,0,4,0,5080
HR,3,9,3,0,11019
HR,2,5,3,0,6691
HR,0,0,4,0,5018
HR,3,0,3,0,12589
HR,2,0,1,0,7960
HR,0,0,0,0,5159
HR,0,0,2,0,4966
HR,1,0,2,0,4299
HR,3,20,0,0,2671
HR,2,0,2,0,7588
HR,0,0,3,0,5815
HR,1,0,2,0,4710
HR,0,6,2,0,4942
HR,3,10,2,0,5947
HR,0,5,3,0,6772
HR,3,0,2,0,6120
HR,0,5,1,0,7964
HR,1,0,2,0,5388
HR,3,0,1,0,6314
HR,3,0,2,0,4934
HR,1,3,0,0,5086
HR,0,3,2,0,5328
HR,1,6,1,0,5179
HR,2,0,1,0,4723
HR,4,0,1,0,5349
HR,3,15,3,0,6891
HR,0,10,2,0,6559
HR,0,0,3,0,5275
HR,0,0,1,0,5620
HR,0,0,1,0,7802
HR,1,0,0,0,5633
HR,3,20,3,0,7355
HR,3,30,2,0,6737
HR,3,8,2,0,5217
HR,3,0,3,0,7267
HR,3,5,3,0,7019
HR,0,0,4,0,4779
HR,3,0,2,0,5179
HR,4,0,1,0,5791
HR,1,0,1,0,4306
HR,0,1,0,0,6167
HR,1,0,2,0,6016
HR,2,30,0,0,4720
HR,0,5,2,0,5649
HR,0,25,3,0,12298
HR,3,1,3,0,5503
HR,4,18,3,0,8814
HR,0,0,2,0,4959
HR,0,12,2,0,5232
HR,1,0,2,0,6383
HR,0,11,1,0,5831
HR,2,0,4,0,3039
HR,2,0,1,0,5228
HR,0,0,1,0,6849
INFORMATION-TECHNOLOGY,7,0,1,2,8274
INFORMATION-TECHNOLOGY,4,0,3,2,7054
INFORMATION-TECHNOLOGY,5,0,0,0,5145
INFORMATION-TECHNOLOGY,1,0,3,0,4984
INFORMATION-TECHNOLOGY,5,4,3,1,5222
INFORMATION-TECHNOLOGY,0,0,0,1,4288
INFORMATION-TECHNOLOGY,1,0,0,0,7384
INFORMATION-TECHNOLOGY,2,0,2,2,5713
INFORMATION-TECHNOLOGY,1,0,3,7,5081
INFORMATION-TECHNOLOGY,7,8,0,0,9158
INFORMATION-TECHNOLOGY,1,0,4,0,8864
INFORMATION-TECHNOLOGY,2,0,4,0,13058
INFORMATION-TECHNOLOGY,4,0,4,2,2807
INFORMATION-TECHNOLOGY,8,0,5,0,6093
INFORMATION-TECHNOLOGY,4,0,3,0,4947
INFORMATION-TECHNOLOGY,4,13,3,2,6240
INFORMATION-TECHNOLOGY,0,0,2,4,5178
INFORMATION-TECHNOLOGY,1,0,2,0,4743
INFORMATION-TECHNOLOGY,1,25,2,3,8574
INFORMATION-TECHNOLOGY,0,0,1,3,5253
INFORMATION-TECHNOLOGY,1,0,4,3,5959
INFORMATION-TECHNOLOGY,3,0,1,2,6621
INFORMATION-TECHNOLOGY,0,9,2,2,4763
INFORMATION-TECHNOLOGY,0,0,1,3,8106
INFORMATION-TECHNOLOGY,10,2,4,1,9000
INFORMATION-TECHNOLOGY,0,16,1,2,5341
INFORMATION-TECHNOLOGY,0,0,1,0,3970
INFORMATION-TECHNOLOGY,3,0,4,5,10626
INFORMATION-TECHNOLOGY,2,0,2,3,14011
INFORMATION-TECHNOLOGY,2,15,2,3,5165
INFORMATION-TECHNOLOGY,1,0,1,1,4325
INFORMATION-TECHNOLOGY,0,0,4,0,5837
INFORMATION-TECHNOLOGY,10,0,2,4,20045
INFORMATION-TECHNOLOGY,1,0,1,0,10348
INFORMATION-TECHNOLOGY,1,0,2,4,4708
INFORMATION-TECHNOLOGY,4,0,3,1,9242
INFORMATION-TECHNOLOGY,2,0,2,2,5552
INFORMATION-TECHNOLOGY,2,5,2,0,8619
INFORMATION-TECHNOLOGY,0,0,0,0,5517
INFORMATION-TECHNOLOGY,2,0,1,2,15648
INFORMATION-TECHNOLOGY,0,0,1,1,7107
INFORMATION-TECHNOLOGY,4,0,2,0,3692
INFORMATION-TECHNOLOGY,7,0,5,0,2751
INFORMATION-TECHNOLOGY,1,16,1,2,3072
INFORMATION-TECHNOLOGY,0,10,4,0,8380
INFORMATION-TECHNOLOGY,8,0,1,0,5787
INFORMATION-TECHNOLOGY,6,0,3,4,6974
INFORMATION-TECHNOLOGY,2,100,2,1,8169
INFORMATION-TECHNOLOGY,0,0,2,1,5962
INFORMATION-TECHNOLOGY,0,0,3,1,6239
INFORMATION-TECHNOLOGY,6,5,2,1,7745
INFORMATION-TECHNOLOGY,2,0,2,1,9298
INFORMATION-TECHNOLOGY,0,20,2,0,5691
INFORMATION-TECHNOLOGY,0,10,4,0,5921
INFORMATION-TECHNOLOGY,3,20,3,2,5929
INFORMATION-TECHNOLOGY,0,0,1,2,7802
INFORMATION-TECHNOLOGY,1,0,2,0,6210
INFORMATION-TECHNOLOGY,0,0,1,0,1861
INFORMATION-TECHNOLOGY,1,0,1,0,4811
INFORMATION-TECHNOLOGY,0,3,1,2,4712
INFORMATION-TECHNOLOGY,1,0,1,1,7011
INFORMATION-TECHNOLOGY,1,20,2,1,6308
INFORMATION-TECHNOLOGY,2,14,1,0,6404
INFORMATION-TECHNOLOGY,3,10,1,0,7333
INFORMATION-TECHNOLOGY,1,0,2,1,5349
INFORMATION-TECHNOLOGY,4,0,3,0,5845
INFORMATION-TECHNOLOGY,3,0,2,1,5010
INFORMATION-TECHNOLOGY,10,2,4,1,8271
INFORMATION-TECHNOLOGY,2,0,1,0,5002
INFORMATION-TECHNOLOGY,2,30,1,1,9446
INFORMATION-TECHNOLOGY,4,7,3,2,11452
INFORMATION-TECHNOLOGY,3,0,2,1,7120
INFORMATION-TECHNOLOGY,1,10,4,2,11885
INFORMATION-TECHNOLOGY,0,0,1,3,5959
INFORMATION-TECHNOLOGY,2,10,3,0,5849
INFORMATION-TECHNOLOGY,4,0,4,1,5416
INFORMATION-TECHNOLOGY,0,10,2,0,6285
INFORMATION-TECHNOLOGY,7,9,3,0,8687
INFORMATION-TECHNOLOGY,0,20,1,1,6580
INFORMATION-TECHNOLOGY,0,7,2,3,5269
INFORMATION-TECHNOLOGY,4,0,3,1,6450
INFORMATION-TECHNOLOGY,6,6,1,0,6910
INFORMATION-TECHNOLOGY,4,0,2,0,9289
INFORMATION-TECHNOLOGY,4,20,1,1,6041
INFORMATION-TECHNOLOGY,7,0,0,0,10845
INFORMATION-TECHNOLOGY,2,17,2,2,8019
INFORMATION-TECHNOLOGY,6,0,0,3,7704
INFORMATION-TECHNOLOGY,4,3,2,1,11638
INFORMATION-TECHNOLOGY,1,5,2,2,4046
INFORMATION-TECHNOLOGY,4,20,4,0,10870
INFORMATION-TECHNOLOGY,0,0,2,3,6600
INFORMATION-TECHNOLOGY,4,10,2,0,5572
INFORMATION-TECHNOLOGY,2,37,2,1,4640
INFORMATION-TECHNOLOGY,10,18,1,2,7241
INFORMATION-TECHNOLOGY,4,0,0,1,6660
INFORMATION-TECHNOLOGY,0,0,2,4,9753
INFORMATION-TECHNOLOGY,4,0,1,0,5381
INFORMATION-TECHNOLOGY,0,0,1,0,2329
INFORMATION-TECHNOLOGY,0,0,2,1,2975
INFORMATION-TECHNOLOGY,1,18,2,1,6497
INFORMATION-TECHNOLOGY,1,10,2,0,10197
INFORMATION-TECHNOLOGY,3,0,1,0,5733
INFORMATION-TECHNOLOGY,1,0,1,1,8171
INFORMATION-TECHNOLOGY,3,0,1,1,4973
INFORMATION-TECHNOLOGY,1,5,1,2,7676
INFORMATION-TECHNOLOGY,2,0,0,0,7569
INFORMATION-TECHNOLOGY,2,0,1,1,5134
INFORMATION-TECHNOLOGY,1,0,1,0,3109
INFORMATION-TECHNOLOGY,2,0,0,0,5075
INFORMATION-TECHNOLOGY,3,0,0,0,2408
INFORMATION-TECHNOLOGY,6,0,2,0,6673
INFORMATION-TECHNOLOGY,2,0,2,0,12870
INFORMATION-TECHNOLOGY,1,0,1,1,6582
INFORMATION-TECHNOLOGY,15,3,3,0,9159
INFORMATION-TECHNOLOGY,1,0,1,0,4725
INFORMATION-TECHNOLOGY,4,22,3,2,12539
INFORMATION-TECHNOLOGY,3,0,3,0,6616
INFORMATION-TECHNOLOGY,0,0,0,1,7374
INFORMATION-TECHNOLOGY,3,5,1,2,5766
INFORMATION-TECHNOLOGY,0,0,0,0,5495
PUBLIC-RELATIONS,3,11,3,0,7132
PUBLIC-RELATIONS,3,0,3,0,6763
PUBLIC-RELATIONS,4,0,1,1,5910
PUBLIC-RELATIONS,4,0,2,0,5641
PUBLIC-RELATIONS,0,0,1,0,6512
PUBLIC-RELATIONS,1,0,1,0,6163
PUBLIC-RELATIONS,0,40,2,0,4976
PUBLIC-RELATIONS,1,30,3,0,35132
PUBLIC-RELATIONS,3,0,1,0,7068
PUBLIC-RELATIONS,1,0,2,0,5675
PUBLIC-RELATIONS,0,0,2,0,5845
PUBLIC-RELATIONS,0,0,2,0,5556
PUBLIC-RELATIONS,0,0,1,0,2484
PUBLIC-RELATIONS,2,0,1,0,4973
PUBLIC-RELATIONS,0,30,2,0,6242
PUBLIC-RELATIONS,2,0,1,0,5004
PUBLIC-RELATIONS,3,2,3,0,9652
PUBLIC-RELATIONS,2,0,2,0,4113
PUBLIC-RELATIONS,1,40,1,0,6191
PUBLIC-RELATIONS,0,0,1,0,4757
PUBLIC-RELATIONS,0,0,1,0,5590
PUBLIC-RELATIONS,3,0,2,1,4781
PUBLIC-RELATIONS,1,0,0,1,5067
PUBLIC-RELATIONS,1,0,2,0,7283
PUBLIC-RELATIONS,1,0,2,0,4752
PUBLIC-RELATIONS,3,0,0,0,5205
PUBLIC-RELATIONS,0,15,2,0,7023
PUBLIC-RELATIONS,0,0,1,0,3005
PUBLIC-RELATIONS,4,0,1,0,5693
PUBLIC-RELATIONS,1,0,3,1,9668
PUBLIC-RELATIONS,1,0,2,0,6410
PUBLIC-RELATIONS,3,0,3,0,9437
PUBLIC-RELATIONS,3,7,0,1,4979
PUBLIC-RELATIONS,6,0,2,0,19579
PUBLIC-RELATIONS,0,10,2,0,9250
PUBLIC-RELATIONS,3,7,3,0,8341
PUBLIC-RELATIONS,1,0,3,0,4704
PUBLIC-RELATIONS,1,0,1,0,4816
PUBLIC-RELATIONS,1,0,1,0,5783
PUBLIC-RELATIONS,3,0,4,0,4876
PUBLIC-RELATIONS,2,0,1,0,1898
PUBLIC-RELATIONS,1,0,4,0,3565
PUBLIC-RELATIONS,3,0,1,0,5280
PUBLIC-RELATIONS,1,5,3,0,4963
PUBLIC-RELATIONS,0,0,2,0,6141
PUBLIC-RELATIONS,0,0,2,0,6427
PUBLIC-RELATIONS,0,0,0,1,3684
PUBLIC-RELATIONS,3,0,2,0,4812
PUBLIC-RELATIONS,3,0,1,0,5767
PUBLIC-RELATIONS,0,0,1,0,5285
PUBLIC-RELATIONS,4,0,2,0,4656
PUBLIC-RELATIONS,1,10,2,1,6165
PUBLIC-RELATIONS,0,0,2,0,4900
PUBLIC-RELATIONS,0,0,1,0,5072
PUBLIC-RELATIONS,0,6,0,0,2561
PUBLIC-RELATIONS,1,0,1,0,5775
PUBLIC-RELATIONS,0,0,1,0,7753
PUBLIC-RELATIONS,0,0,3,0,5259
PUBLIC-RELATIONS,0,0,2,0,4690
PUBLIC-RELATIONS,0,20,1,0,5491
PUBLIC-RELATIONS,0,0,1,0,7488
PUBLIC-RELATIONS,1,17,2,0,5679
PUBLIC-RELATIONS,1,0,0,0,10093
PUBLIC-RELATIONS,1,0,2,0,6309
PUBLIC-RELATIONS,1,10,2,0,5570
PUBLIC-RELATIONS,2,0,2,0,7936
PUBLIC-RELATIONS,0,20,3,0,11497
PUBLIC-RELATIONS,2,0,2,0,8767
PUBLIC-RELATIONS,0,0,2,0,3633
PUBLIC-RELATIONS,1,0,3,0,5024
PUBLIC-RELATIONS,0,0,0,0,6272
PUBLIC-RELATIONS,2,0,3,0,7803
PUBLIC-RELATIONS,2,0,3,0,9438
PUBLIC-RELATIONS,0,0,2,0,8536
PUBLIC-RELATIONS,1,0,2,0,8086
PUBLIC-RELATIONS,4,4,1,0,7692
PUBLIC-RELATIONS,2,4,3,0,8419
PUBLIC-RELATIONS,0,0,1,0,5623
PUBLIC-RELATIONS,0,0,1,0,5492
PUBLIC-RELATIONS,0,0,1,0,8483
PUBLIC-RELATIONS,3,0,3,0,5513
PUBLIC-RELATIONS,4,0,4,0,4810
PUBLIC-RELATIONS,0,10,0,0,10636
PUBLIC-RELATIONS,1,0,2,0,6198
PUBLIC-RELATIONS,3,15,1,1,6250
PUBLIC-RELATIONS,0,0,1,0,3910
PUBLIC-RELATIONS,4,15,4,0,14906
PUBLIC-RELATIONS,2,4,2,0,5228
PUBLIC-RELATIONS,6,7,3,0,11067
PUBLIC-RELATIONS,0,0,2,0,9719
PUBLIC-RELATIONS,0,0,5,0,5125
PUBLIC-RELATIONS,0,0,3,0,5581
PUBLIC-RELATIONS,2,0,4,0,5547
PUBLIC-RELATIONS,3,0,2,0,5148
PUBLIC-RELATIONS,4,0,2,0,9632
PUBLIC-RELATIONS,4,0,1,1,4158
PUBLIC-RELATIONS,1,0,3,0,6005
PUBLIC-RELATIONS,0,0,0,0,5339
PUBLIC-RELATIONS,0,5,1,0,4459
PUBLIC-RELATIONS,1,0,2,0,6246
PUBLIC-RELATIONS,3,10,3,0,5836
PUBLIC-RELATIONS,1,0,2,0,6069
PUBLIC-RELATIONS,0,0,3,0,7374
PUBLIC-RELATIONS,2,0,3,0,6523
PUBLIC-RELATIONS,0,0,0,0,5457
PUBLIC-RELATIONS,4,4,1,0,5551
PUBLIC-RELATIONS,1,10,2,0,4743
PUBLIC-RELATIONS,4,0,2,1,6011
PUBLIC-RELATIONS,3,13,1,0,6041
PUBLIC-RELATIONS,3,20,4,0,5315
PUBLIC-RELATIONS,1,5,2,0,5468
SALES,0,0,3,0,5556
SALES,1,3,4,1,6148
SALES,0,0,3,0,2167
SALES,2,0,1,0,5362
SALES,0,0,3,0,1917
SALES,0,13,3,0,4650
SALES,4,21,1,0,3290
SALES,0,3,3,0,850
SALES,1,0,1,0,6640
SALES,1,0,2,0,9775
SALES,0,0,3,0,4848
SALES,1,0,4,0,3112
SALES,0,0,3,0,5039
SALES,5,4,4,1,6290
SALES,0,0,2,0,6119
SALES,0,0,3,0,850
SALES,0,0,2,0,1190
SALES,0,3,1,0,2329
SALES,3,0,2,0,7784
SALES,5,0,1,1,7083
SALES,0,0,3,0,4923
SALES,3,0,2,0,2529
SALES,1,0,3,0,6072
SALES,0,0,3,0,2443
SALES,0,5,2,0,5559
SALES,0,20,3,0,6037
SALES,0,30,2,0,2854
SALES,0,4,1,0,3620
SALES,0,15,4,0,2359
SALES,1,37,4,0,18089
SALES,1,10,2,0,6336
SALES,1,0,1,0,4973
SALES,3,0,2,0,5048
SALES,2,2,0,0,1741
SALES,0,0,1,0,2430
SALES,3,0,2,0,1761
SALES,0,21,4,0,5683
SALES,0,8,2,0,6208
SALES,1,0,2,0,6563
SALES,1,0,2,0,6284
SALES,1,25,2,0,6777
SALES,0,0,4,0,4902
SALES,0,14,5,0,5395
SALES,0,0,3,0,7445
SALES,0,0,3,0,6433
SALES,1,1,1,1,5113
SALES,0,0,1,0,2150
SALES,3,5,0,0,2007
SALES,0,10,2,0,8910
SALES,0,0,3,0,2748
SALES,0,0,2,0,5853
SALES,0,0,2,0,5136
SALES,2,0,2,0,5017
SALES,9,0,2,1,5852
SALES,0,0,3,0,3315
SALES,0,0,3,1,5048
SALES,0,0,3,0,1822
SALES,0,0,3,0,5649
SALES,4,10,1,0,5103
SALES,0,10,2,0,8265
SALES,0,0,4,0,5154
SALES,0,0,3,0,3018
SALES,2,0,0,0,3327
SALES,1,26,4,0,7349
SALES,0,0,3,0,7701
SALES,0,0,1,0,1577
SALES,0,0,3,0,5293
SALES,0,10,2,0,5636
SALES,4,0,3,0,12223
SALES,0,15,1,0,3010
SALES,2,0,2,0,3355
SALES,0,19,4,0,4940
SALES,2,0,3,0,4656
SALES,0,2,3,0,5215
SALES,0,0,4,0,6294
SALES,2,6,3,0,3218
SALES,0,21,3,0,5000
SALES,0,0,3,0,2486
SALES,0,29,4,0,6961
SALES,0,0,3,0,5186
SALES,0,0,3,0,3220
SALES,1,0,3,1,6473
SALES,1,0,2,0,4472
SALES,0,0,3,0,1830
SALES,0,0,3,0,3012
SALES,3,4,2,1,5553
SALES,0,20,1,1,4928
SALES,1,0,2,0,2741
SALES,3,0,4,0,9252
SALES,1,6,4,0,8755
SALES,0,0,1,0,4761
SALES,3,0,1,0,4630
SALES,0,0,1,0,5258
SALES,1,26,2,0,5303
SALES,1,0,2,0,6245
SALES,0,0,3,0,2312
SALES,0,17,2,0,6889
SALES,3,0,4,0,5966
SALES,2,4,2,0,2371
SALES,0,0,3,0,2187
SALES,2,0,4,0,5436
SALES,1,15,2,0,3260
SALES,2,0,3,0,4422
SALES,0,0,1,0,4848
SALES,0,0,2,0,5032
SALES,0,0,2,0,8209
SALES,0,0,3,0,2771
SALES,0,15,0,0,9229
SALES,1,0,2,0,6315
SALES,0,6,1,0,5290
SALES,1,0,2,0,6543
SALES,1,0,1,0,5155
SALES,0,2,2,0,1482
SALES,0,0,3,0,5626
SALES,0,0,3,0,1042
SALES,0,25,2,0,5359
TEACHER,0,0,1,0,6263
TEACHER,3,0,2,0,1640
TEACHER,0,0,5,0,5862
TEACHER,3,0,3,0,2817
TEACHER,1,14,3,0,3631
TEACHER,0,0,3,0,4892
TEACHER,1,5,2,0,6788
TEACHER,0,8,5,0,5269
TEACHER,0,0,0,0,4578
TEACHER,0,9,3,0,4492
TEACHER,0,0,4,0,4829
TEACHER,0,3,1,0,5888
TEACHER,4,0,4,0,5854
TEACHER,0,0,0,0,4970
TEACHER,0,0,2,0,4988
TEACHER,0,0,2,0,2676
TEACHER,0,0,2,0,5791
TEACHER,0,0,5,0,10894
TEACHER,1,5,3,0,5832
TEACHER,3,0,1,0,1993
TEACHER,0,0,2,0,2530
TEACHER,0,0,3,0,6544
TEACHER,0,0,2,0,4943
TEACHER,3,0,1,0,6912
TEACHER,0,9,2,0,6005
TEACHER,3,25,2,0,6190
TEACHER,0,0,2,0,2542
TEACHER,1,11,2,0,5025
TEACHER,0,0,2,0,5714
TEACHER,0,0,1,0,5226
TEACHER,2,0,1,0,1726
TEACHER,0,0,3,0,2235
TEACHER,0,16,3,0,4966
TEACHER,0,7,2,0,3315
TEACHER,0,7,3,0,6671
TEACHER,0,5,1,0,2129
TEACHER,0,4,2,0,5482
TEACHER,3,0,0,0,4657
TEACHER,1,0,1,0,5594
TEACHER,0,25,4,0,3185
TEACHER,2,5,3,0,7454
TEACHER,3,0,1,0,2508
TEACHER,1,0,3,0,5875
TEACHER,2,10,2,0,4977
TEACHER,1,5,2,0,4992
TEACHER,0,5,1,0,5920
TEACHER,2,16,3,0,5303
TEACHER,1,0,3,0,5912
TEACHER,1,12,4,0,3049
TEACHER,1,0,1,0,4681
TEACHER,0,0,2,0,13590
TEACHER,0,0,2,0,8858
TEACHER,2,10,5,0,8343
TEACHER,4,10,6,0,10374
TEACHER,5,5,4,0,5488
TEACHER,2,0,1,1,2602
TEACHER,0,0,2,0,4201
TEACHER,0,12,1,0,5494
TEACHER,0,0,3,0,6904
TEACHER,0,0,2,0,8294
TEACHER,0,0,2,0,2809
TEACHER,0,5,2,0,4956
TEACHER,1,10,2,0,5922
TEACHER,1,0,3,0,5331
TEACHER,4,0,3,0,2351
TEACHER,0,0,2,0,2616
TEACHER,0,0,2,0,3508
TEACHER,0,0,2,0,5384
TEACHER,3,4,2,0,4735
TEACHER,0,15,1,0,6602
TEACHER,0,11,2,0,4739
TEACHER,0,0,3,0,7039
TEACHER,0,0,2,0,3583
TEACHER,2,0,2,0,6394
TEACHER,1,20,4,0,2201
TEACHER,0,4,2,0,2611
TEACHER,0,0,3,0,17753
TEACHER,1,2,4,0,4782
TEACHER,3,19,4,0,6422
TEACHER,0,0,2,0,5998
TEACHER,0,0,1,0,5417
TEACHER,3,0,2,0,5904
TEACHER,0,0,1,0,1367
TEACHER,0,0,1,0,5110
TEACHER,3,0,3,0,5147
TEACHER,1,0,2,0,5313
TEACHER,0,0,1,0,1792
TEACHER,0,0,2,0,2645
TEACHER,3,0,3,0,5616
TEACHER,3,0,2,0,4830
TEACHER,2,0,4,0,7129
TEACHER,0,0,2,0,5168
TEACHER,0,0,2,0,1977
TEACHER,0,0,2,0,5186
TEACHER,0,0,4,0,4640
TEACHER,1,20,2,0,5857
TEACHER,0,0,2,0,5049
TEACHER,0,15,3,0,6078
TEACHER,3,0,4,0,9197
TEACHER,0,5,2,0,6611
TEACHER,1,5,2,0,5163
TEACHER,1,0,2,0,5276
